list	list_title	list_source	name	iso	status	detail	candidates	in_catalog	in_mixer_map
tools/mixer-meta/wikipedia-indigenous-languages-of-the-americas.json	Wikipedia: Indigenous languages of the Americas – macro-family subset	https://en.wikipedia.org/wiki/Indigenous_languages_of_the_Americas	Ahtna		unmatched	No iso provided and name did not match any catalog entry		false	false
tools/mixer-meta/wikipedia-indigenous-languages-of-the-americas.json	Wikipedia: Indigenous languages of the Americas – macro-family subset	https://en.wikipedia.org/wiki/Indigenous_languages_of_the_Americas	Alutiiq (Sugpiaq)		unmatched	No iso provided and name did not match any catalog entry		false	false
tools/mixer-meta/wikipedia-indigenous-languages-of-the-americas.json	Wikipedia: Indigenous languages of the Americas – macro-family subset	https://en.wikipedia.org/wiki/Indigenous_languages_of_the_Americas	Ancash Quechua		unmatched	No iso provided and name did not match any catalog entry		false	false
tools/mixer-meta/wikipedia-indigenous-languages-of-the-americas.json	Wikipedia: Indigenous languages of the Americas – macro-family subset	https://en.wikipedia.org/wiki/Indigenous_languages_of_the_Americas	Andoque		unmatched	No iso provided and name did not match any catalog entry		false	false
tools/mixer-meta/wikipedia-indigenous-languages-of-the-americas.json	Wikipedia: Indigenous languages of the Americas – macro-family subset	https://en.wikipedia.org/wiki/Indigenous_languages_of_the_Americas	Araona		unmatched	No iso provided and name did not match any catalog entry		false	false
tools/mixer-meta/wikipedia-indigenous-languages-of-the-americas.json	Wikipedia: Indigenous languages of the Americas – macro-family subset	https://en.wikipedia.org/wiki/Indigenous_languages_of_the_Americas	Arapaho		unmatched	No iso provided and name did not match any catalog entry		false	false
tools/mixer-meta/wikipedia-indigenous-languages-of-the-americas.json	Wikipedia: Indigenous languages of the Americas – macro-family subset	https://en.wikipedia.org/wiki/Indigenous_languages_of_the_Americas	Awa Pit		unmatched	No iso provided and name did not match any catalog entry		false	false
tools/mixer-meta/wikipedia-indigenous-languages-of-the-americas.json	Wikipedia: Indigenous languages of the Americas – macro-family subset	https://en.wikipedia.org/wiki/Indigenous_languages_of_the_Americas	Ayapaneco		unmatched	No iso provided and name did not match any catalog entry		false	false
tools/mixer-meta/wikipedia-indigenous-languages-of-the-americas.json	Wikipedia: Indigenous languages of the Americas – macro-family subset	https://en.wikipedia.org/wiki/Indigenous_languages_of_the_Americas	Ayoreo		unmatched	No iso provided and name did not match any catalog entry		false	false
tools/mixer-meta/wikipedia-indigenous-languages-of-the-americas.json	Wikipedia: Indigenous languages of the Americas – macro-family subset	https://en.wikipedia.org/wiki/Indigenous_languages_of_the_Americas	Barí		unmatched	No iso provided and name did not match any catalog entry		false	false
tools/mixer-meta/wikipedia-indigenous-languages-of-the-americas.json	Wikipedia: Indigenous languages of the Americas – macro-family subset	https://en.wikipedia.org/wiki/Indigenous_languages_of_the_Americas	Cayuga		unmatched	No iso provided and name did not match any catalog entry		false	false
tools/mixer-meta/wikipedia-indigenous-languages-of-the-americas.json	Wikipedia: Indigenous languages of the Americas – macro-family subset	https://en.wikipedia.org/wiki/Indigenous_languages_of_the_Americas	Chácobo-Pakawara		unmatched	No iso provided and name did not match any catalog entry		false	false
tools/mixer-meta/wikipedia-indigenous-languages-of-the-americas.json	Wikipedia: Indigenous languages of the Americas – macro-family subset	https://en.wikipedia.org/wiki/Indigenous_languages_of_the_Americas	Chatino		unmatched	No iso provided and name did not match any catalog entry		false	false
tools/mixer-meta/wikipedia-indigenous-languages-of-the-americas.json	Wikipedia: Indigenous languages of the Americas – macro-family subset	https://en.wikipedia.org/wiki/Indigenous_languages_of_the_Americas	Chichimeca		unmatched	No iso provided and name did not match any catalog entry		false	false
tools/mixer-meta/wikipedia-indigenous-languages-of-the-americas.json	Wikipedia: Indigenous languages of the Americas – macro-family subset	https://en.wikipedia.org/wiki/Indigenous_languages_of_the_Americas	Chimané		unmatched	No iso provided and name did not match any catalog entry		false	false
tools/mixer-meta/wikipedia-indigenous-languages-of-the-americas.json	Wikipedia: Indigenous languages of the Americas – macro-family subset	https://en.wikipedia.org/wiki/Indigenous_languages_of_the_Americas	Chimila		unmatched	No iso provided and name did not match any catalog entry		false	false
tools/mixer-meta/wikipedia-indigenous-languages-of-the-americas.json	Wikipedia: Indigenous languages of the Americas – macro-family subset	https://en.wikipedia.org/wiki/Indigenous_languages_of_the_Americas	Chinanteco		unmatched	No iso provided and name did not match any catalog entry		false	false
tools/mixer-meta/wikipedia-indigenous-languages-of-the-americas.json	Wikipedia: Indigenous languages of the Americas – macro-family subset	https://en.wikipedia.org/wiki/Indigenous_languages_of_the_Americas	Chipewyan		unmatched	No iso provided and name did not match any catalog entry		false	false
tools/mixer-meta/wikipedia-indigenous-languages-of-the-americas.json	Wikipedia: Indigenous languages of the Americas – macro-family subset	https://en.wikipedia.org/wiki/Indigenous_languages_of_the_Americas	Chiquitano		unmatched	No iso provided and name did not match any catalog entry		false	false
tools/mixer-meta/wikipedia-indigenous-languages-of-the-americas.json	Wikipedia: Indigenous languages of the Americas – macro-family subset	https://en.wikipedia.org/wiki/Indigenous_languages_of_the_Americas	Chocho		unmatched	No iso provided and name did not match any catalog entry		false	false
tools/mixer-meta/wikipedia-indigenous-languages-of-the-americas.json	Wikipedia: Indigenous languages of the Americas – macro-family subset	https://en.wikipedia.org/wiki/Indigenous_languages_of_the_Americas	Choctaw		unmatched	No iso provided and name did not match any catalog entry		false	false
tools/mixer-meta/wikipedia-indigenous-languages-of-the-americas.json	Wikipedia: Indigenous languages of the Americas – macro-family subset	https://en.wikipedia.org/wiki/Indigenous_languages_of_the_Americas	Chontal of Oaxaca		unmatched	No iso provided and name did not match any catalog entry		false	false
tools/mixer-meta/wikipedia-indigenous-languages-of-the-americas.json	Wikipedia: Indigenous languages of the Americas – macro-family subset	https://en.wikipedia.org/wiki/Indigenous_languages_of_the_Americas	Cochimí		unmatched	No iso provided and name did not match any catalog entry		false	false
tools/mixer-meta/wikipedia-indigenous-languages-of-the-americas.json	Wikipedia: Indigenous languages of the Americas – macro-family subset	https://en.wikipedia.org/wiki/Indigenous_languages_of_the_Americas	Cocopah		unmatched	No iso provided and name did not match any catalog entry		false	false
tools/mixer-meta/wikipedia-indigenous-languages-of-the-americas.json	Wikipedia: Indigenous languages of the Americas – macro-family subset	https://en.wikipedia.org/wiki/Indigenous_languages_of_the_Americas	Cofán		unmatched	No iso provided and name did not match any catalog entry		false	false
tools/mixer-meta/wikipedia-indigenous-languages-of-the-americas.json	Wikipedia: Indigenous languages of the Americas – macro-family subset	https://en.wikipedia.org/wiki/Indigenous_languages_of_the_Americas	Crow		unmatched	No iso provided and name did not match any catalog entry		false	false
tools/mixer-meta/wikipedia-indigenous-languages-of-the-americas.json	Wikipedia: Indigenous languages of the Americas – macro-family subset	https://en.wikipedia.org/wiki/Indigenous_languages_of_the_Americas	Cubeo		unmatched	No iso provided and name did not match any catalog entry		false	false
tools/mixer-meta/wikipedia-indigenous-languages-of-the-americas.json	Wikipedia: Indigenous languages of the Americas – macro-family subset	https://en.wikipedia.org/wiki/Indigenous_languages_of_the_Americas	Cuiba		unmatched	No iso provided and name did not match any catalog entry		false	false
tools/mixer-meta/wikipedia-indigenous-languages-of-the-americas.json	Wikipedia: Indigenous languages of the Americas – macro-family subset	https://en.wikipedia.org/wiki/Indigenous_languages_of_the_Americas	Cuicatec		unmatched	No iso provided and name did not match any catalog entry		false	false
tools/mixer-meta/wikipedia-indigenous-languages-of-the-americas.json	Wikipedia: Indigenous languages of the Americas – macro-family subset	https://en.wikipedia.org/wiki/Indigenous_languages_of_the_Americas	Deg Xinag		unmatched	No iso provided and name did not match any catalog entry		false	false
tools/mixer-meta/wikipedia-indigenous-languages-of-the-americas.json	Wikipedia: Indigenous languages of the Americas – macro-family subset	https://en.wikipedia.org/wiki/Indigenous_languages_of_the_Americas	Dena'ina		unmatched	No iso provided and name did not match any catalog entry		false	false
tools/mixer-meta/wikipedia-indigenous-languages-of-the-americas.json	Wikipedia: Indigenous languages of the Americas – macro-family subset	https://en.wikipedia.org/wiki/Indigenous_languages_of_the_Americas	Desano		unmatched	No iso provided and name did not match any catalog entry		false	false
tools/mixer-meta/wikipedia-indigenous-languages-of-the-americas.json	Wikipedia: Indigenous languages of the Americas – macro-family subset	https://en.wikipedia.org/wiki/Indigenous_languages_of_the_Americas	Enlhet		unmatched	No iso provided and name did not match any catalog entry		false	false
tools/mixer-meta/wikipedia-indigenous-languages-of-the-americas.json	Wikipedia: Indigenous languages of the Americas – macro-family subset	https://en.wikipedia.org/wiki/Indigenous_languages_of_the_Americas	Ese Ejja		unmatched	No iso provided and name did not match any catalog entry		false	false
tools/mixer-meta/wikipedia-indigenous-languages-of-the-americas.json	Wikipedia: Indigenous languages of the Americas – macro-family subset	https://en.wikipedia.org/wiki/Indigenous_languages_of_the_Americas	Fox (Mesquakie-Sauk-Kickapoo)		unmatched	No iso provided and name did not match any catalog entry		false	false
tools/mixer-meta/wikipedia-indigenous-languages-of-the-americas.json	Wikipedia: Indigenous languages of the Americas – macro-family subset	https://en.wikipedia.org/wiki/Indigenous_languages_of_the_Americas	Fulniô		unmatched	No iso provided and name did not match any catalog entry		false	false
tools/mixer-meta/wikipedia-indigenous-languages-of-the-americas.json	Wikipedia: Indigenous languages of the Americas – macro-family subset	https://en.wikipedia.org/wiki/Indigenous_languages_of_the_Americas	Guna		unmatched	No iso provided and name did not match any catalog entry		false	false
tools/mixer-meta/wikipedia-indigenous-languages-of-the-americas.json	Wikipedia: Indigenous languages of the Americas – macro-family subset	https://en.wikipedia.org/wiki/Indigenous_languages_of_the_Americas	Gwich'in		unmatched	No iso provided and name did not match any catalog entry		false	false
tools/mixer-meta/wikipedia-indigenous-languages-of-the-americas.json	Wikipedia: Indigenous languages of the Americas – macro-family subset	https://en.wikipedia.org/wiki/Indigenous_languages_of_the_Americas	Hän		unmatched	No iso provided and name did not match any catalog entry		false	false
tools/mixer-meta/wikipedia-indigenous-languages-of-the-americas.json	Wikipedia: Indigenous languages of the Americas – macro-family subset	https://en.wikipedia.org/wiki/Indigenous_languages_of_the_Americas	Havasupai–Hualapai		unmatched	No iso provided and name did not match any catalog entry		false	false
tools/mixer-meta/wikipedia-indigenous-languages-of-the-americas.json	Wikipedia: Indigenous languages of the Americas – macro-family subset	https://en.wikipedia.org/wiki/Indigenous_languages_of_the_Americas	Hitnü		unmatched	No iso provided and name did not match any catalog entry		false	false
tools/mixer-meta/wikipedia-indigenous-languages-of-the-americas.json	Wikipedia: Indigenous languages of the Americas – macro-family subset	https://en.wikipedia.org/wiki/Indigenous_languages_of_the_Americas	Holikachuk		unmatched	No iso provided and name did not match any catalog entry		false	false
tools/mixer-meta/wikipedia-indigenous-languages-of-the-americas.json	Wikipedia: Indigenous languages of the Americas – macro-family subset	https://en.wikipedia.org/wiki/Indigenous_languages_of_the_Americas	Huarijio		unmatched	No iso provided and name did not match any catalog entry		false	false
tools/mixer-meta/wikipedia-indigenous-languages-of-the-americas.json	Wikipedia: Indigenous languages of the Americas – macro-family subset	https://en.wikipedia.org/wiki/Indigenous_languages_of_the_Americas	Ika		unmatched	No iso provided and name did not match any catalog entry		false	false
tools/mixer-meta/wikipedia-indigenous-languages-of-the-americas.json	Wikipedia: Indigenous languages of the Americas – macro-family subset	https://en.wikipedia.org/wiki/Indigenous_languages_of_the_Americas	Itene		unmatched	No iso provided and name did not match any catalog entry		false	false
tools/mixer-meta/wikipedia-indigenous-languages-of-the-americas.json	Wikipedia: Indigenous languages of the Americas – macro-family subset	https://en.wikipedia.org/wiki/Indigenous_languages_of_the_Americas	Itonama		unmatched	No iso provided and name did not match any catalog entry		false	false
tools/mixer-meta/wikipedia-indigenous-languages-of-the-americas.json	Wikipedia: Indigenous languages of the Americas – macro-family subset	https://en.wikipedia.org/wiki/Indigenous_languages_of_the_Americas	Ixcatec		unmatched	No iso provided and name did not match any catalog entry		false	false
tools/mixer-meta/wikipedia-indigenous-languages-of-the-americas.json	Wikipedia: Indigenous languages of the Americas – macro-family subset	https://en.wikipedia.org/wiki/Indigenous_languages_of_the_Americas	Jupda		unmatched	No iso provided and name did not match any catalog entry		false	false
tools/mixer-meta/wikipedia-indigenous-languages-of-the-americas.json	Wikipedia: Indigenous languages of the Americas – macro-family subset	https://en.wikipedia.org/wiki/Indigenous_languages_of_the_Americas	Kallawaya		unmatched	No iso provided and name did not match any catalog entry		false	false
tools/mixer-meta/wikipedia-indigenous-languages-of-the-americas.json	Wikipedia: Indigenous languages of the Americas – macro-family subset	https://en.wikipedia.org/wiki/Indigenous_languages_of_the_Americas	Kogi		unmatched	No iso provided and name did not match any catalog entry		false	false
tools/mixer-meta/wikipedia-indigenous-languages-of-the-americas.json	Wikipedia: Indigenous languages of the Americas – macro-family subset	https://en.wikipedia.org/wiki/Indigenous_languages_of_the_Americas	Kom		unmatched	No iso provided and name did not match any catalog entry		false	false
tools/mixer-meta/wikipedia-indigenous-languages-of-the-americas.json	Wikipedia: Indigenous languages of the Americas – macro-family subset	https://en.wikipedia.org/wiki/Indigenous_languages_of_the_Americas	Koreguaje		unmatched	No iso provided and name did not match any catalog entry		false	false
tools/mixer-meta/wikipedia-indigenous-languages-of-the-americas.json	Wikipedia: Indigenous languages of the Americas – macro-family subset	https://en.wikipedia.org/wiki/Indigenous_languages_of_the_Americas	Koyukon		unmatched	No iso provided and name did not match any catalog entry		false	false
tools/mixer-meta/wikipedia-indigenous-languages-of-the-americas.json	Wikipedia: Indigenous languages of the Americas – macro-family subset	https://en.wikipedia.org/wiki/Indigenous_languages_of_the_Americas	Leco		unmatched	No iso provided and name did not match any catalog entry		false	false
tools/mixer-meta/wikipedia-indigenous-languages-of-the-americas.json	Wikipedia: Indigenous languages of the Americas – macro-family subset	https://en.wikipedia.org/wiki/Indigenous_languages_of_the_Americas	Maricopa/Piipaash		unmatched	No iso provided and name did not match any catalog entry		false	false
tools/mixer-meta/wikipedia-indigenous-languages-of-the-americas.json	Wikipedia: Indigenous languages of the Americas – macro-family subset	https://en.wikipedia.org/wiki/Indigenous_languages_of_the_Americas	Mawé		unmatched	No iso provided and name did not match any catalog entry		false	false
tools/mixer-meta/wikipedia-indigenous-languages-of-the-americas.json	Wikipedia: Indigenous languages of the Americas – macro-family subset	https://en.wikipedia.org/wiki/Indigenous_languages_of_the_Americas	Mikasuki		unmatched	No iso provided and name did not match any catalog entry		false	false
tools/mixer-meta/wikipedia-indigenous-languages-of-the-americas.json	Wikipedia: Indigenous languages of the Americas – macro-family subset	https://en.wikipedia.org/wiki/Indigenous_languages_of_the_Americas	Minica Huitoto		unmatched	No iso provided and name did not match any catalog entry		false	false
tools/mixer-meta/wikipedia-indigenous-languages-of-the-americas.json	Wikipedia: Indigenous languages of the Americas – macro-family subset	https://en.wikipedia.org/wiki/Indigenous_languages_of_the_Americas	Mocoví		unmatched	No iso provided and name did not match any catalog entry		false	false
tools/mixer-meta/wikipedia-indigenous-languages-of-the-americas.json	Wikipedia: Indigenous languages of the Americas – macro-family subset	https://en.wikipedia.org/wiki/Indigenous_languages_of_the_Americas	Mojave		unmatched	No iso provided and name did not match any catalog entry		false	false
tools/mixer-meta/wikipedia-indigenous-languages-of-the-americas.json	Wikipedia: Indigenous languages of the Americas – macro-family subset	https://en.wikipedia.org/wiki/Indigenous_languages_of_the_Americas	Mopán		unmatched	No iso provided and name did not match any catalog entry		false	false
tools/mixer-meta/wikipedia-indigenous-languages-of-the-americas.json	Wikipedia: Indigenous languages of the Americas – macro-family subset	https://en.wikipedia.org/wiki/Indigenous_languages_of_the_Americas	Movima		unmatched	No iso provided and name did not match any catalog entry		false	false
tools/mixer-meta/wikipedia-indigenous-languages-of-the-americas.json	Wikipedia: Indigenous languages of the Americas – macro-family subset	https://en.wikipedia.org/wiki/Indigenous_languages_of_the_Americas	Moxo		unmatched	No iso provided and name did not match any catalog entry		false	false
tools/mixer-meta/wikipedia-indigenous-languages-of-the-americas.json	Wikipedia: Indigenous languages of the Americas – macro-family subset	https://en.wikipedia.org/wiki/Indigenous_languages_of_the_Americas	Muinane		unmatched	No iso provided and name did not match any catalog entry		false	false
tools/mixer-meta/wikipedia-indigenous-languages-of-the-americas.json	Wikipedia: Indigenous languages of the Americas – macro-family subset	https://en.wikipedia.org/wiki/Indigenous_languages_of_the_Americas	Munduruku		unmatched	No iso provided and name did not match any catalog entry		false	false
tools/mixer-meta/wikipedia-indigenous-languages-of-the-americas.json	Wikipedia: Indigenous languages of the Americas – macro-family subset	https://en.wikipedia.org/wiki/Indigenous_languages_of_the_Americas	Muscogee		unmatched	No iso provided and name did not match any catalog entry		false	false
tools/mixer-meta/wikipedia-indigenous-languages-of-the-americas.json	Wikipedia: Indigenous languages of the Americas – macro-family subset	https://en.wikipedia.org/wiki/Indigenous_languages_of_the_Americas	Nivaclé		unmatched	No iso provided and name did not match any catalog entry		false	false
tools/mixer-meta/wikipedia-indigenous-languages-of-the-americas.json	Wikipedia: Indigenous languages of the Americas – macro-family subset	https://en.wikipedia.org/wiki/Indigenous_languages_of_the_Americas	Nonuya		unmatched	No iso provided and name did not match any catalog entry		false	false
tools/mixer-meta/wikipedia-indigenous-languages-of-the-americas.json	Wikipedia: Indigenous languages of the Americas – macro-family subset	https://en.wikipedia.org/wiki/Indigenous_languages_of_the_Americas	Nukak		unmatched	No iso provided and name did not match any catalog entry		false	false
tools/mixer-meta/wikipedia-indigenous-languages-of-the-americas.json	Wikipedia: Indigenous languages of the Americas – macro-family subset	https://en.wikipedia.org/wiki/Indigenous_languages_of_the_Americas	Ocaina		unmatched	No iso provided and name did not match any catalog entry		false	false
tools/mixer-meta/wikipedia-indigenous-languages-of-the-americas.json	Wikipedia: Indigenous languages of the Americas – macro-family subset	https://en.wikipedia.org/wiki/Indigenous_languages_of_the_Americas	Oneida		unmatched	No iso provided and name did not match any catalog entry		false	false
tools/mixer-meta/wikipedia-indigenous-languages-of-the-americas.json	Wikipedia: Indigenous languages of the Americas – macro-family subset	https://en.wikipedia.org/wiki/Indigenous_languages_of_the_Americas	Onondaga		unmatched	No iso provided and name did not match any catalog entry		false	false
tools/mixer-meta/wikipedia-indigenous-languages-of-the-americas.json	Wikipedia: Indigenous languages of the Americas – macro-family subset	https://en.wikipedia.org/wiki/Indigenous_languages_of_the_Americas	Paez		unmatched	No iso provided and name did not match any catalog entry		false	false
tools/mixer-meta/wikipedia-indigenous-languages-of-the-americas.json	Wikipedia: Indigenous languages of the Americas – macro-family subset	https://en.wikipedia.org/wiki/Indigenous_languages_of_the_Americas	Paipai		unmatched	No iso provided and name did not match any catalog entry		false	false
tools/mixer-meta/wikipedia-indigenous-languages-of-the-americas.json	Wikipedia: Indigenous languages of the Americas – macro-family subset	https://en.wikipedia.org/wiki/Indigenous_languages_of_the_Americas	Pakaásnovos (Wari')		unmatched	No iso provided and name did not match any catalog entry		false	false
tools/mixer-meta/wikipedia-indigenous-languages-of-the-americas.json	Wikipedia: Indigenous languages of the Americas – macro-family subset	https://en.wikipedia.org/wiki/Indigenous_languages_of_the_Americas	Pame		unmatched	No iso provided and name did not match any catalog entry		false	false
tools/mixer-meta/wikipedia-indigenous-languages-of-the-americas.json	Wikipedia: Indigenous languages of the Americas – macro-family subset	https://en.wikipedia.org/wiki/Indigenous_languages_of_the_Americas	Quechan		unmatched	No iso provided and name did not match any catalog entry		false	false
tools/mixer-meta/wikipedia-indigenous-languages-of-the-americas.json	Wikipedia: Indigenous languages of the Americas – macro-family subset	https://en.wikipedia.org/wiki/Indigenous_languages_of_the_Americas	Rama		unmatched	No iso provided and name did not match any catalog entry		false	false
tools/mixer-meta/wikipedia-indigenous-languages-of-the-americas.json	Wikipedia: Indigenous languages of the Americas – macro-family subset	https://en.wikipedia.org/wiki/Indigenous_languages_of_the_Americas	Reyesano		unmatched	No iso provided and name did not match any catalog entry		false	false
tools/mixer-meta/wikipedia-indigenous-languages-of-the-americas.json	Wikipedia: Indigenous languages of the Americas – macro-family subset	https://en.wikipedia.org/wiki/Indigenous_languages_of_the_Americas	Sanumá		unmatched	No iso provided and name did not match any catalog entry		false	false
tools/mixer-meta/wikipedia-indigenous-languages-of-the-americas.json	Wikipedia: Indigenous languages of the Americas – macro-family subset	https://en.wikipedia.org/wiki/Indigenous_languages_of_the_Americas	Selk'nam		unmatched	No iso provided and name did not match any catalog entry		false	false
tools/mixer-meta/wikipedia-indigenous-languages-of-the-americas.json	Wikipedia: Indigenous languages of the Americas – macro-family subset	https://en.wikipedia.org/wiki/Indigenous_languages_of_the_Americas	Seneca		unmatched	No iso provided and name did not match any catalog entry		false	false
tools/mixer-meta/wikipedia-indigenous-languages-of-the-americas.json	Wikipedia: Indigenous languages of the Americas – macro-family subset	https://en.wikipedia.org/wiki/Indigenous_languages_of_the_Americas	Shuar		unmatched	No iso provided and name did not match any catalog entry		false	false
tools/mixer-meta/wikipedia-indigenous-languages-of-the-americas.json	Wikipedia: Indigenous languages of the Americas – macro-family subset	https://en.wikipedia.org/wiki/Indigenous_languages_of_the_Americas	Siona		unmatched	No iso provided and name did not match any catalog entry		false	false
tools/mixer-meta/wikipedia-indigenous-languages-of-the-americas.json	Wikipedia: Indigenous languages of the Americas – macro-family subset	https://en.wikipedia.org/wiki/Indigenous_languages_of_the_Americas	Sioux		unmatched	No iso provided and name did not match any catalog entry		false	false
tools/mixer-meta/wikipedia-indigenous-languages-of-the-americas.json	Wikipedia: Indigenous languages of the Americas – macro-family subset	https://en.wikipedia.org/wiki/Indigenous_languages_of_the_Americas	Siriano		unmatched	No iso provided and name did not match any catalog entry		false	false
tools/mixer-meta/wikipedia-indigenous-languages-of-the-americas.json	Wikipedia: Indigenous languages of the Americas – macro-family subset	https://en.wikipedia.org/wiki/Indigenous_languages_of_the_Americas	Sirionó		unmatched	No iso provided and name did not match any catalog entry		false	false
tools/mixer-meta/wikipedia-indigenous-languages-of-the-americas.json	Wikipedia: Indigenous languages of the Americas – macro-family subset	https://en.wikipedia.org/wiki/Indigenous_languages_of_the_Americas	Slavey		unmatched	No iso provided and name did not match any catalog entry		false	false
tools/mixer-meta/wikipedia-indigenous-languages-of-the-americas.json	Wikipedia: Indigenous languages of the Americas – macro-family subset	https://en.wikipedia.org/wiki/Indigenous_languages_of_the_Americas	Soteapanec		unmatched	No iso provided and name did not match any catalog entry		false	false
tools/mixer-meta/wikipedia-indigenous-languages-of-the-americas.json	Wikipedia: Indigenous languages of the Americas – macro-family subset	https://en.wikipedia.org/wiki/Indigenous_languages_of_the_Americas	Sumo		unmatched	No iso provided and name did not match any catalog entry		false	false
tools/mixer-meta/wikipedia-indigenous-languages-of-the-americas.json	Wikipedia: Indigenous languages of the Americas – macro-family subset	https://en.wikipedia.org/wiki/Indigenous_languages_of_the_Americas	Tacana		unmatched	No iso provided and name did not match any catalog entry		false	false
tools/mixer-meta/wikipedia-indigenous-languages-of-the-americas.json	Wikipedia: Indigenous languages of the Americas – macro-family subset	https://en.wikipedia.org/wiki/Indigenous_languages_of_the_Americas	Taíno languages		unmatched	No iso provided and name did not match any catalog entry		false	false
tools/mixer-meta/wikipedia-indigenous-languages-of-the-americas.json	Wikipedia: Indigenous languages of the Americas – macro-family subset	https://en.wikipedia.org/wiki/Indigenous_languages_of_the_Americas	Tanacross		unmatched	No iso provided and name did not match any catalog entry		false	false
tools/mixer-meta/wikipedia-indigenous-languages-of-the-americas.json	Wikipedia: Indigenous languages of the Americas – macro-family subset	https://en.wikipedia.org/wiki/Indigenous_languages_of_the_Americas	Tanana		unmatched	No iso provided and name did not match any catalog entry		false	false
tools/mixer-meta/wikipedia-indigenous-languages-of-the-americas.json	Wikipedia: Indigenous languages of the Americas – macro-family subset	https://en.wikipedia.org/wiki/Indigenous_languages_of_the_Americas	Tatuyo		unmatched	No iso provided and name did not match any catalog entry		false	false
tools/mixer-meta/wikipedia-indigenous-languages-of-the-americas.json	Wikipedia: Indigenous languages of the Americas – macro-family subset	https://en.wikipedia.org/wiki/Indigenous_languages_of_the_Americas	Tembé		unmatched	No iso provided and name did not match any catalog entry		false	false
tools/mixer-meta/wikipedia-indigenous-languages-of-the-americas.json	Wikipedia: Indigenous languages of the Americas – macro-family subset	https://en.wikipedia.org/wiki/Indigenous_languages_of_the_Americas	Tepehua		unmatched	No iso provided and name did not match any catalog entry		false	false
tools/mixer-meta/wikipedia-indigenous-languages-of-the-americas.json	Wikipedia: Indigenous languages of the Americas – macro-family subset	https://en.wikipedia.org/wiki/Indigenous_languages_of_the_Americas	Tepehuán		unmatched	No iso provided and name did not match any catalog entry		false	false
tools/mixer-meta/wikipedia-indigenous-languages-of-the-americas.json	Wikipedia: Indigenous languages of the Americas – macro-family subset	https://en.wikipedia.org/wiki/Indigenous_languages_of_the_Americas	Terêna		unmatched	No iso provided and name did not match any catalog entry		false	false
tools/mixer-meta/wikipedia-indigenous-languages-of-the-americas.json	Wikipedia: Indigenous languages of the Americas – macro-family subset	https://en.wikipedia.org/wiki/Indigenous_languages_of_the_Americas	Tewa		unmatched	No iso provided and name did not match any catalog entry		false	false
tools/mixer-meta/wikipedia-indigenous-languages-of-the-americas.json	Wikipedia: Indigenous languages of the Americas – macro-family subset	https://en.wikipedia.org/wiki/Indigenous_languages_of_the_Americas	Timbira		unmatched	No iso provided and name did not match any catalog entry		false	false
tools/mixer-meta/wikipedia-indigenous-languages-of-the-americas.json	Wikipedia: Indigenous languages of the Americas – macro-family subset	https://en.wikipedia.org/wiki/Indigenous_languages_of_the_Americas	Tiriyó		unmatched	No iso provided and name did not match any catalog entry		false	false
tools/mixer-meta/wikipedia-indigenous-languages-of-the-americas.json	Wikipedia: Indigenous languages of the Americas – macro-family subset	https://en.wikipedia.org/wiki/Indigenous_languages_of_the_Americas	Tlapaneco		unmatched	No iso provided and name did not match any catalog entry		false	false
tools/mixer-meta/wikipedia-indigenous-languages-of-the-americas.json	Wikipedia: Indigenous languages of the Americas – macro-family subset	https://en.wikipedia.org/wiki/Indigenous_languages_of_the_Americas	Tłįchǫ Yatiì		unmatched	No iso provided and name did not match any catalog entry		false	false
tools/mixer-meta/wikipedia-indigenous-languages-of-the-americas.json	Wikipedia: Indigenous languages of the Americas – macro-family subset	https://en.wikipedia.org/wiki/Indigenous_languages_of_the_Americas	Tojolab'al		unmatched	No iso provided and name did not match any catalog entry		false	false
tools/mixer-meta/wikipedia-indigenous-languages-of-the-americas.json	Wikipedia: Indigenous languages of the Americas – macro-family subset	https://en.wikipedia.org/wiki/Indigenous_languages_of_the_Americas	Toromono		unmatched	No iso provided and name did not match any catalog entry		false	false
tools/mixer-meta/wikipedia-indigenous-languages-of-the-americas.json	Wikipedia: Indigenous languages of the Americas – macro-family subset	https://en.wikipedia.org/wiki/Indigenous_languages_of_the_Americas	Tsimshian		unmatched	No iso provided and name did not match any catalog entry		false	false
tools/mixer-meta/wikipedia-indigenous-languages-of-the-americas.json	Wikipedia: Indigenous languages of the Americas – macro-family subset	https://en.wikipedia.org/wiki/Indigenous_languages_of_the_Americas	Tukano		unmatched	No iso provided and name did not match any catalog entry		false	false
tools/mixer-meta/wikipedia-indigenous-languages-of-the-americas.json	Wikipedia: Indigenous languages of the Americas – macro-family subset	https://en.wikipedia.org/wiki/Indigenous_languages_of_the_Americas	Tunebo/Uwa		unmatched	No iso provided and name did not match any catalog entry		false	false
tools/mixer-meta/wikipedia-indigenous-languages-of-the-americas.json	Wikipedia: Indigenous languages of the Americas – macro-family subset	https://en.wikipedia.org/wiki/Indigenous_languages_of_the_Americas	Tupi-Mondé		unmatched	No iso provided and name did not match any catalog entry		false	false
tools/mixer-meta/wikipedia-indigenous-languages-of-the-americas.json	Wikipedia: Indigenous languages of the Americas – macro-family subset	https://en.wikipedia.org/wiki/Indigenous_languages_of_the_Americas	Tuscarora		unmatched	No iso provided and name did not match any catalog entry		false	false
tools/mixer-meta/wikipedia-indigenous-languages-of-the-americas.json	Wikipedia: Indigenous languages of the Americas – macro-family subset	https://en.wikipedia.org/wiki/Indigenous_languages_of_the_Americas	Upper Kuskokwim		unmatched	No iso provided and name did not match any catalog entry		false	false
tools/mixer-meta/wikipedia-indigenous-languages-of-the-americas.json	Wikipedia: Indigenous languages of the Americas – macro-family subset	https://en.wikipedia.org/wiki/Indigenous_languages_of_the_Americas	Upper Tanana		unmatched	No iso provided and name did not match any catalog entry		false	false
tools/mixer-meta/wikipedia-indigenous-languages-of-the-americas.json	Wikipedia: Indigenous languages of the Americas – macro-family subset	https://en.wikipedia.org/wiki/Indigenous_languages_of_the_Americas	Uspanteko		unmatched	No iso provided and name did not match any catalog entry		false	false
tools/mixer-meta/wikipedia-indigenous-languages-of-the-americas.json	Wikipedia: Indigenous languages of the Americas – macro-family subset	https://en.wikipedia.org/wiki/Indigenous_languages_of_the_Americas	Wanano		unmatched	No iso provided and name did not match any catalog entry		false	false
tools/mixer-meta/wikipedia-indigenous-languages-of-the-americas.json	Wikipedia: Indigenous languages of the Americas – macro-family subset	https://en.wikipedia.org/wiki/Indigenous_languages_of_the_Americas	Warázu		unmatched	No iso provided and name did not match any catalog entry		false	false
tools/mixer-meta/wikipedia-indigenous-languages-of-the-americas.json	Wikipedia: Indigenous languages of the Americas – macro-family subset	https://en.wikipedia.org/wiki/Indigenous_languages_of_the_Americas	Weenhayek		unmatched	No iso provided and name did not match any catalog entry		false	false
tools/mixer-meta/wikipedia-indigenous-languages-of-the-americas.json	Wikipedia: Indigenous languages of the Americas – macro-family subset	https://en.wikipedia.org/wiki/Indigenous_languages_of_the_Americas	Western Apache		unmatched	No iso provided and name did not match any catalog entry		false	false
tools/mixer-meta/wikipedia-indigenous-languages-of-the-americas.json	Wikipedia: Indigenous languages of the Americas – macro-family subset	https://en.wikipedia.org/wiki/Indigenous_languages_of_the_Americas	Wichi		unmatched	No iso provided and name did not match any catalog entry		false	false
tools/mixer-meta/wikipedia-indigenous-languages-of-the-americas.json	Wikipedia: Indigenous languages of the Americas – macro-family subset	https://en.wikipedia.org/wiki/Indigenous_languages_of_the_Americas	Wiwa		unmatched	No iso provided and name did not match any catalog entry		false	false
tools/mixer-meta/wikipedia-indigenous-languages-of-the-americas.json	Wikipedia: Indigenous languages of the Americas – macro-family subset	https://en.wikipedia.org/wiki/Indigenous_languages_of_the_Americas	Wounaan		unmatched	No iso provided and name did not match any catalog entry		false	false
tools/mixer-meta/wikipedia-indigenous-languages-of-the-americas.json	Wikipedia: Indigenous languages of the Americas – macro-family subset	https://en.wikipedia.org/wiki/Indigenous_languages_of_the_Americas	Xavante		unmatched	No iso provided and name did not match any catalog entry		false	false
tools/mixer-meta/wikipedia-indigenous-languages-of-the-americas.json	Wikipedia: Indigenous languages of the Americas – macro-family subset	https://en.wikipedia.org/wiki/Indigenous_languages_of_the_Americas	Xerente		unmatched	No iso provided and name did not match any catalog entry		false	false
tools/mixer-meta/wikipedia-indigenous-languages-of-the-americas.json	Wikipedia: Indigenous languages of the Americas – macro-family subset	https://en.wikipedia.org/wiki/Indigenous_languages_of_the_Americas	Xincan		unmatched	No iso provided and name did not match any catalog entry		false	false
tools/mixer-meta/wikipedia-indigenous-languages-of-the-americas.json	Wikipedia: Indigenous languages of the Americas – macro-family subset	https://en.wikipedia.org/wiki/Indigenous_languages_of_the_Americas	Yahgan		unmatched	No iso provided and name did not match any catalog entry		false	false
tools/mixer-meta/wikipedia-indigenous-languages-of-the-americas.json	Wikipedia: Indigenous languages of the Americas – macro-family subset	https://en.wikipedia.org/wiki/Indigenous_languages_of_the_Americas	Yaru Quechua		unmatched	No iso provided and name did not match any catalog entry		false	false
tools/mixer-meta/wikipedia-indigenous-languages-of-the-americas.json	Wikipedia: Indigenous languages of the Americas – macro-family subset	https://en.wikipedia.org/wiki/Indigenous_languages_of_the_Americas	Yavapai		unmatched	No iso provided and name did not match any catalog entry		false	false
tools/mixer-meta/wikipedia-indigenous-languages-of-the-americas.json	Wikipedia: Indigenous languages of the Americas – macro-family subset	https://en.wikipedia.org/wiki/Indigenous_languages_of_the_Americas	Yuracaré		unmatched	No iso provided and name did not match any catalog entry		false	false
tools/mixer-meta/wikipedia-indigenous-languages-of-the-americas.json	Wikipedia: Indigenous languages of the Americas – macro-family subset	https://en.wikipedia.org/wiki/Indigenous_languages_of_the_Americas	Zacatepec Mixtec		unmatched	No iso provided and name did not match any catalog entry		false	false
tools/mixer-meta/wikipedia-indigenous-languages-of-the-americas.json	Wikipedia: Indigenous languages of the Americas – macro-family subset	https://en.wikipedia.org/wiki/Indigenous_languages_of_the_Americas	Zuni		unmatched	No iso provided and name did not match any catalog entry		false	false
tools/mixer-meta/wikipedia-languages-of-bangladesh.json	Wikipedia: Languages of Bangladesh – Indo-Aryan and non-Indo-Aryan languages	https://en.wikipedia.org/wiki/Languages_of_Bangladesh	Standard Bengali		unmatched	No iso provided and name did not match any catalog entry		false	false
tools/mixer-meta/wikipedia-languages-of-bangladesh.json	Wikipedia: Languages of Bangladesh – Indo-Aryan and non-Indo-Aryan languages	https://en.wikipedia.org/wiki/Languages_of_Bangladesh	Bangali		unmatched	No iso provided and name did not match any catalog entry		false	false
tools/mixer-meta/wikipedia-languages-of-bangladesh.json	Wikipedia: Languages of Bangladesh – Indo-Aryan and non-Indo-Aryan languages	https://en.wikipedia.org/wiki/Languages_of_Bangladesh	Dhakaiya Kutti Bengali		unmatched	No iso provided and name did not match any catalog entry		false	false
tools/mixer-meta/wikipedia-languages-of-bangladesh.json	Wikipedia: Languages of Bangladesh – Indo-Aryan and non-Indo-Aryan languages	https://en.wikipedia.org/wiki/Languages_of_Bangladesh	Mymensinghi Bengali		unmatched	No iso provided and name did not match any catalog entry		false	false
tools/mixer-meta/wikipedia-languages-of-bangladesh.json	Wikipedia: Languages of Bangladesh – Indo-Aryan and non-Indo-Aryan languages	https://en.wikipedia.org/wiki/Languages_of_Bangladesh	Sylheti		unmatched	No iso provided and name did not match any catalog entry		false	false
tools/mixer-meta/wikipedia-languages-of-bangladesh.json	Wikipedia: Languages of Bangladesh – Indo-Aryan and non-Indo-Aryan languages	https://en.wikipedia.org/wiki/Languages_of_Bangladesh	Noakhailla		unmatched	No iso provided and name did not match any catalog entry		false	false
tools/mixer-meta/wikipedia-languages-of-bangladesh.json	Wikipedia: Languages of Bangladesh – Indo-Aryan and non-Indo-Aryan languages	https://en.wikipedia.org/wiki/Languages_of_Bangladesh	Varendri		unmatched	No iso provided and name did not match any catalog entry		false	false
tools/mixer-meta/wikipedia-languages-of-bangladesh.json	Wikipedia: Languages of Bangladesh – Indo-Aryan and non-Indo-Aryan languages	https://en.wikipedia.org/wiki/Languages_of_Bangladesh	Rangpuri		unmatched	No iso provided and name did not match any catalog entry		false	false
tools/mixer-meta/wikipedia-languages-of-bangladesh.json	Wikipedia: Languages of Bangladesh – Indo-Aryan and non-Indo-Aryan languages	https://en.wikipedia.org/wiki/Languages_of_Bangladesh	Bishnupriya Manipuri		unmatched	No iso provided and name did not match any catalog entry		false	false
tools/mixer-meta/wikipedia-languages-of-bangladesh.json	Wikipedia: Languages of Bangladesh – Indo-Aryan and non-Indo-Aryan languages	https://en.wikipedia.org/wiki/Languages_of_Bangladesh	Hajong		unmatched	No iso provided and name did not match any catalog entry		false	false
tools/mixer-meta/wikipedia-languages-of-bangladesh.json	Wikipedia: Languages of Bangladesh – Indo-Aryan and non-Indo-Aryan languages	https://en.wikipedia.org/wiki/Languages_of_Bangladesh	Tanchangya		unmatched	No iso provided and name did not match any catalog entry		false	false
tools/mixer-meta/wikipedia-languages-of-bangladesh.json	Wikipedia: Languages of Bangladesh – Indo-Aryan and non-Indo-Aryan languages	https://en.wikipedia.org/wiki/Languages_of_Bangladesh	Thar		unmatched	No iso provided and name did not match any catalog entry		false	false
tools/mixer-meta/wikipedia-languages-of-bangladesh.json	Wikipedia: Languages of Bangladesh – Indo-Aryan and non-Indo-Aryan languages	https://en.wikipedia.org/wiki/Languages_of_Bangladesh	Bihari languages		unmatched	No iso provided and name did not match any catalog entry		false	false
tools/mixer-meta/wikipedia-languages-of-bangladesh.json	Wikipedia: Languages of Bangladesh – Indo-Aryan and non-Indo-Aryan languages	https://en.wikipedia.org/wiki/Languages_of_Bangladesh	War		unmatched	No iso provided and name did not match any catalog entry		false	false
tools/mixer-meta/wikipedia-languages-of-bangladesh.json	Wikipedia: Languages of Bangladesh – Indo-Aryan and non-Indo-Aryan languages	https://en.wikipedia.org/wiki/Languages_of_Bangladesh	Koda		unmatched	No iso provided and name did not match any catalog entry		false	false
tools/mixer-meta/wikipedia-languages-of-bangladesh.json	Wikipedia: Languages of Bangladesh – Indo-Aryan and non-Indo-Aryan languages	https://en.wikipedia.org/wiki/Languages_of_Bangladesh	Sauria Paharia		unmatched	No iso provided and name did not match any catalog entry		false	false
tools/mixer-meta/wikipedia-languages-of-bangladesh.json	Wikipedia: Languages of Bangladesh – Indo-Aryan and non-Indo-Aryan languages	https://en.wikipedia.org/wiki/Languages_of_Bangladesh	Arakanese		unmatched	No iso provided and name did not match any catalog entry		false	false
tools/mixer-meta/wikipedia-languages-of-bangladesh.json	Wikipedia: Languages of Bangladesh – Indo-Aryan and non-Indo-Aryan languages	https://en.wikipedia.org/wiki/Languages_of_Bangladesh	A'Tong		unmatched	No iso provided and name did not match any catalog entry		false	false
tools/mixer-meta/wikipedia-languages-of-bangladesh.json	Wikipedia: Languages of Bangladesh – Indo-Aryan and non-Indo-Aryan languages	https://en.wikipedia.org/wiki/Languages_of_Bangladesh	Chak		unmatched	No iso provided and name did not match any catalog entry		false	false
tools/mixer-meta/wikipedia-languages-of-bangladesh.json	Wikipedia: Languages of Bangladesh – Indo-Aryan and non-Indo-Aryan languages	https://en.wikipedia.org/wiki/Languages_of_Bangladesh	Chin languages		unmatched	No iso provided and name did not match any catalog entry		false	false
tools/mixer-meta/wikipedia-languages-of-bangladesh.json	Wikipedia: Languages of Bangladesh – Indo-Aryan and non-Indo-Aryan languages	https://en.wikipedia.org/wiki/Languages_of_Bangladesh	Asho		unmatched	No iso provided and name did not match any catalog entry		false	false
tools/mixer-meta/wikipedia-languages-of-bangladesh.json	Wikipedia: Languages of Bangladesh – Indo-Aryan and non-Indo-Aryan languages	https://en.wikipedia.org/wiki/Languages_of_Bangladesh	Bawm		unmatched	No iso provided and name did not match any catalog entry		false	false
tools/mixer-meta/wikipedia-languages-of-bangladesh.json	Wikipedia: Languages of Bangladesh – Indo-Aryan and non-Indo-Aryan languages	https://en.wikipedia.org/wiki/Languages_of_Bangladesh	Falam		unmatched	No iso provided and name did not match any catalog entry		false	false
tools/mixer-meta/wikipedia-languages-of-bangladesh.json	Wikipedia: Languages of Bangladesh – Indo-Aryan and non-Indo-Aryan languages	https://en.wikipedia.org/wiki/Languages_of_Bangladesh	Haka		unmatched	No iso provided and name did not match any catalog entry		false	false
tools/mixer-meta/wikipedia-languages-of-bangladesh.json	Wikipedia: Languages of Bangladesh – Indo-Aryan and non-Indo-Aryan languages	https://en.wikipedia.org/wiki/Languages_of_Bangladesh	Khumi		unmatched	No iso provided and name did not match any catalog entry		false	false
tools/mixer-meta/wikipedia-languages-of-bangladesh.json	Wikipedia: Languages of Bangladesh – Indo-Aryan and non-Indo-Aryan languages	https://en.wikipedia.org/wiki/Languages_of_Bangladesh	Mara		unmatched	No iso provided and name did not match any catalog entry		false	false
tools/mixer-meta/wikipedia-languages-of-bangladesh.json	Wikipedia: Languages of Bangladesh – Indo-Aryan and non-Indo-Aryan languages	https://en.wikipedia.org/wiki/Languages_of_Bangladesh	Garo		unmatched	No iso provided and name did not match any catalog entry		false	false
tools/mixer-meta/wikipedia-languages-of-bangladesh.json	Wikipedia: Languages of Bangladesh – Indo-Aryan and non-Indo-Aryan languages	https://en.wikipedia.org/wiki/Languages_of_Bangladesh	Megam		unmatched	No iso provided and name did not match any catalog entry		false	false
tools/mixer-meta/wikipedia-languages-of-bangladesh.json	Wikipedia: Languages of Bangladesh – Indo-Aryan and non-Indo-Aryan languages	https://en.wikipedia.org/wiki/Languages_of_Bangladesh	Meitei (Manipuri)		unmatched	No iso provided and name did not match any catalog entry		false	false
tools/mixer-meta/wikipedia-languages-of-bangladesh.json	Wikipedia: Languages of Bangladesh – Indo-Aryan and non-Indo-Aryan languages	https://en.wikipedia.org/wiki/Languages_of_Bangladesh	Pangkhua		unmatched	No iso provided and name did not match any catalog entry		false	false
tools/mixer-meta/wikipedia-languages-of-india-census.json	Wikipedia: Languages of India – census tables snapshot	https://en.wikipedia.org/wiki/Languages_of_India	Bhili/Bhilodi		unmatched	No iso provided and name did not match any catalog entry		false	false
tools/mixer-meta/wikipedia-languages-of-india-census.json	Wikipedia: Languages of India – census tables snapshot	https://en.wikipedia.org/wiki/Languages_of_India	Halabi		unmatched	No iso provided and name did not match any catalog entry		false	false
tools/mixer-meta/wikipedia-languages-of-india-census.json	Wikipedia: Languages of India – census tables snapshot	https://en.wikipedia.org/wiki/Languages_of_India	Miri/Mishing		unmatched	No iso provided and name did not match any catalog entry		false	false
tools/mixer-meta/wikipedia-languages-of-india-census.json	Wikipedia: Languages of India – census tables snapshot	https://en.wikipedia.org/wiki/Languages_of_India	Savara		unmatched	No iso provided and name did not match any catalog entry		false	false
tools/mixer-meta/wikipedia-languages-of-india-census.json	Wikipedia: Languages of India – census tables snapshot	https://en.wikipedia.org/wiki/Languages_of_India	Nissi/Dafla		unmatched	No iso provided and name did not match any catalog entry		false	false
tools/mixer-meta/wikipedia-languages-of-india-census.json	Wikipedia: Languages of India – census tables snapshot	https://en.wikipedia.org/wiki/Languages_of_India	Adi		unmatched	No iso provided and name did not match any catalog entry		false	false
tools/mixer-meta/wikipedia-languages-of-india-census.json	Wikipedia: Languages of India – census tables snapshot	https://en.wikipedia.org/wiki/Languages_of_India	Thado		unmatched	No iso provided and name did not match any catalog entry		false	false
tools/mixer-meta/wikipedia-languages-of-india-census.json	Wikipedia: Languages of India – census tables snapshot	https://en.wikipedia.org/wiki/Languages_of_India	Lotha		unmatched	No iso provided and name did not match any catalog entry		false	false
tools/mixer-meta/wikipedia-languages-of-india-census.json	Wikipedia: Languages of India – census tables snapshot	https://en.wikipedia.org/wiki/Languages_of_India	Coorgi/Kodagu		unmatched	No iso provided and name did not match any catalog entry		false	false
tools/mixer-meta/wikipedia-languages-of-india-census.json	Wikipedia: Languages of India – census tables snapshot	https://en.wikipedia.org/wiki/Languages_of_India	Rabha		unmatched	No iso provided and name did not match any catalog entry		false	false
tools/mixer-meta/wikipedia-languages-of-india-census.json	Wikipedia: Languages of India – census tables snapshot	https://en.wikipedia.org/wiki/Languages_of_India	Tangkhul		unmatched	No iso provided and name did not match any catalog entry		false	false
tools/mixer-meta/wikipedia-languages-of-india-census.json	Wikipedia: Languages of India – census tables snapshot	https://en.wikipedia.org/wiki/Languages_of_India	Kisan		unmatched	No iso provided and name did not match any catalog entry		false	false
tools/mixer-meta/wikipedia-languages-of-india-census.json	Wikipedia: Languages of India – census tables snapshot	https://en.wikipedia.org/wiki/Languages_of_India	Angami		unmatched	No iso provided and name did not match any catalog entry		false	false
tools/mixer-meta/wikipedia-languages-of-india-census.json	Wikipedia: Languages of India – census tables snapshot	https://en.wikipedia.org/wiki/Languages_of_India	Phom		unmatched	No iso provided and name did not match any catalog entry		false	false
tools/mixer-meta/wikipedia-languages-of-india-census.json	Wikipedia: Languages of India – census tables snapshot	https://en.wikipedia.org/wiki/Languages_of_India	Khond/Kondh		unmatched	No iso provided and name did not match any catalog entry		false	false
tools/mixer-meta/wikipedia-languages-of-india-census.json	Wikipedia: Languages of India – census tables snapshot	https://en.wikipedia.org/wiki/Languages_of_India	Dimasa		unmatched	No iso provided and name did not match any catalog entry		false	false
tools/mixer-meta/wikipedia-languages-of-india-census.json	Wikipedia: Languages of India – census tables snapshot	https://en.wikipedia.org/wiki/Languages_of_India	Sema		unmatched	No iso provided and name did not match any catalog entry		false	false
tools/mixer-meta/wikipedia-languages-of-india-census.json	Wikipedia: Languages of India – census tables snapshot	https://en.wikipedia.org/wiki/Languages_of_India	Khortha/Khotta		unmatched	No iso provided and name did not match any catalog entry		false	false
tools/mixer-meta/wikipedia-languages-of-india-census.json	Wikipedia: Languages of India – census tables snapshot	https://en.wikipedia.org/wiki/Languages_of_India	Malvi		unmatched	No iso provided and name did not match any catalog entry		false	false
tools/mixer-meta/wikipedia-languages-of-india-census.json	Wikipedia: Languages of India – census tables snapshot	https://en.wikipedia.org/wiki/Languages_of_India	Sadan/Sadri		unmatched	No iso provided and name did not match any catalog entry		false	false
tools/mixer-meta/wikipedia-languages-of-india-census.json	Wikipedia: Languages of India – census tables snapshot	https://en.wikipedia.org/wiki/Languages_of_India	Mewari		unmatched	No iso provided and name did not match any catalog entry		false	false
tools/mixer-meta/wikipedia-languages-of-india-census.json	Wikipedia: Languages of India – census tables snapshot	https://en.wikipedia.org/wiki/Languages_of_India	Wagdi		unmatched	No iso provided and name did not match any catalog entry		false	false
tools/mixer-meta/wikipedia-languages-of-india-census.json	Wikipedia: Languages of India – census tables snapshot	https://en.wikipedia.org/wiki/Languages_of_India	Lamani/Lambadi		unmatched	No iso provided and name did not match any catalog entry		false	false
tools/mixer-meta/wikipedia-languages-of-india-census.json	Wikipedia: Languages of India – census tables snapshot	https://en.wikipedia.org/wiki/Languages_of_India	Pahari		unmatched	No iso provided and name did not match any catalog entry		false	false
tools/mixer-meta/wikipedia-languages-of-india-census.json	Wikipedia: Languages of India – census tables snapshot	https://en.wikipedia.org/wiki/Languages_of_India	Hara/Harauti		unmatched	No iso provided and name did not match any catalog entry		false	false
tools/mixer-meta/wikipedia-languages-of-india-census.json	Wikipedia: Languages of India – census tables snapshot	https://en.wikipedia.org/wiki/Languages_of_India	Bagheli/Baghel Khandi		unmatched	No iso provided and name did not match any catalog entry		false	false
tools/mixer-meta/wikipedia-languages-of-india-census.json	Wikipedia: Languages of India – census tables snapshot	https://en.wikipedia.org/wiki/Languages_of_India	Sambalpuri		unmatched	No iso provided and name did not match any catalog entry		false	false
tools/mixer-meta/wikipedia-languages-of-india-census.json	Wikipedia: Languages of India – census tables snapshot	https://en.wikipedia.org/wiki/Languages_of_India	Nimadi		unmatched	No iso provided and name did not match any catalog entry		false	false
tools/mixer-meta/wikipedia-languages-of-india-census.json	Wikipedia: Languages of India – census tables snapshot	https://en.wikipedia.org/wiki/Languages_of_India	Surjapuri		unmatched	No iso provided and name did not match any catalog entry		false	false
tools/mixer-meta/wikipedia-languages-of-india-census.json	Wikipedia: Languages of India – census tables snapshot	https://en.wikipedia.org/wiki/Languages_of_India	Kumauni		unmatched	No iso provided and name did not match any catalog entry		false	false
tools/mixer-meta/wikipedia-languages-of-india-census.json	Wikipedia: Languages of India – census tables snapshot	https://en.wikipedia.org/wiki/Languages_of_India	Surgujia		unmatched	No iso provided and name did not match any catalog entry		false	false
tools/mixer-meta/wikipedia-languages-of-india-census.json	Wikipedia: Languages of India – census tables snapshot	https://en.wikipedia.org/wiki/Languages_of_India	Bagri		unmatched	No iso provided and name did not match any catalog entry		false	false
tools/mixer-meta/wikipedia-languages-of-india-census.json	Wikipedia: Languages of India – census tables snapshot	https://en.wikipedia.org/wiki/Languages_of_India	Ahirani		unmatched	No iso provided and name did not match any catalog entry		false	false
tools/mixer-meta/wikipedia-languages-of-india-census.json	Wikipedia: Languages of India – census tables snapshot	https://en.wikipedia.org/wiki/Languages_of_India	Banjari		unmatched	No iso provided and name did not match any catalog entry		false	false
tools/mixer-meta/wikipedia-languages-of-india-census.json	Wikipedia: Languages of India – census tables snapshot	https://en.wikipedia.org/wiki/Languages_of_India	Dhundhari		unmatched	No iso provided and name did not match any catalog entry		false	false
tools/mixer-meta/wikipedia-languages-of-india-census.json	Wikipedia: Languages of India – census tables snapshot	https://en.wikipedia.org/wiki/Languages_of_India	Gojri/Gujjari/Gujar		unmatched	No iso provided and name did not match any catalog entry		false	false
tools/mixer-meta/wikipedia-languages-of-india-census.json	Wikipedia: Languages of India – census tables snapshot	https://en.wikipedia.org/wiki/Languages_of_India	Garo		unmatched	No iso provided and name did not match any catalog entry		false	false
tools/mixer-meta/wikipedia-languages-of-india-census.json	Wikipedia: Languages of India – census tables snapshot	https://en.wikipedia.org/wiki/Languages_of_India	Kangri		unmatched	No iso provided and name did not match any catalog entry		false	false
tools/mixer-meta/wikipedia-languages-of-india-census.json	Wikipedia: Languages of India – census tables snapshot	https://en.wikipedia.org/wiki/Languages_of_India	Kachchhi		unmatched	No iso provided and name did not match any catalog entry		false	false
tools/mixer-meta/wikipedia-languages-of-pakistan-established.json	Wikipedia: Languages of Pakistan – established languages	https://en.wikipedia.org/wiki/Languages_of_Pakistan	Aer		unmatched	No iso provided and name did not match any catalog entry		false	false
tools/mixer-meta/wikipedia-languages-of-pakistan-established.json	Wikipedia: Languages of Pakistan – established languages	https://en.wikipedia.org/wiki/Languages_of_Pakistan	Badeshi		unmatched	No iso provided and name did not match any catalog entry		false	false
tools/mixer-meta/wikipedia-languages-of-pakistan-established.json	Wikipedia: Languages of Pakistan – established languages	https://en.wikipedia.org/wiki/Languages_of_Pakistan	Bagri		unmatched	No iso provided and name did not match any catalog entry		false	false
tools/mixer-meta/wikipedia-languages-of-pakistan-established.json	Wikipedia: Languages of Pakistan – established languages	https://en.wikipedia.org/wiki/Languages_of_Pakistan	Balochi, Makrani		unmatched	No iso provided and name did not match any catalog entry		false	false
tools/mixer-meta/wikipedia-languages-of-pakistan-established.json	Wikipedia: Languages of Pakistan – established languages	https://en.wikipedia.org/wiki/Languages_of_Pakistan	Balochi, Rakhshani		unmatched	No iso provided and name did not match any catalog entry		false	false
tools/mixer-meta/wikipedia-languages-of-pakistan-established.json	Wikipedia: Languages of Pakistan – established languages	https://en.wikipedia.org/wiki/Languages_of_Pakistan	Balochi, Sulaimani		unmatched	No iso provided and name did not match any catalog entry		false	false
tools/mixer-meta/wikipedia-languages-of-pakistan-established.json	Wikipedia: Languages of Pakistan – established languages	https://en.wikipedia.org/wiki/Languages_of_Pakistan	Bateri		unmatched	No iso provided and name did not match any catalog entry		false	false
tools/mixer-meta/wikipedia-languages-of-pakistan-established.json	Wikipedia: Languages of Pakistan – established languages	https://en.wikipedia.org/wiki/Languages_of_Pakistan	Bhaya		unmatched	No iso provided and name did not match any catalog entry		false	false
tools/mixer-meta/wikipedia-languages-of-pakistan-established.json	Wikipedia: Languages of Pakistan – established languages	https://en.wikipedia.org/wiki/Languages_of_Pakistan	Chilisso		unmatched	No iso provided and name did not match any catalog entry		false	false
tools/mixer-meta/wikipedia-languages-of-pakistan-established.json	Wikipedia: Languages of Pakistan – established languages	https://en.wikipedia.org/wiki/Languages_of_Pakistan	Dameli		unmatched	No iso provided and name did not match any catalog entry		false	false
tools/mixer-meta/wikipedia-languages-of-pakistan-established.json	Wikipedia: Languages of Pakistan – established languages	https://en.wikipedia.org/wiki/Languages_of_Pakistan	Dehwari		unmatched	No iso provided and name did not match any catalog entry		false	false
tools/mixer-meta/wikipedia-languages-of-pakistan-established.json	Wikipedia: Languages of Pakistan – established languages	https://en.wikipedia.org/wiki/Languages_of_Pakistan	Dhatki		unmatched	No iso provided and name did not match any catalog entry		false	false
tools/mixer-meta/wikipedia-languages-of-pakistan-established.json	Wikipedia: Languages of Pakistan – established languages	https://en.wikipedia.org/wiki/Languages_of_Pakistan	Domaaki		unmatched	No iso provided and name did not match any catalog entry		false	false
tools/mixer-meta/wikipedia-languages-of-pakistan-established.json	Wikipedia: Languages of Pakistan – established languages	https://en.wikipedia.org/wiki/Languages_of_Pakistan	Gawar-Bati		unmatched	No iso provided and name did not match any catalog entry		false	false
tools/mixer-meta/wikipedia-languages-of-pakistan-established.json	Wikipedia: Languages of Pakistan – established languages	https://en.wikipedia.org/wiki/Languages_of_Pakistan	Gawri		unmatched	No iso provided and name did not match any catalog entry		false	false
tools/mixer-meta/wikipedia-languages-of-pakistan-established.json	Wikipedia: Languages of Pakistan – established languages	https://en.wikipedia.org/wiki/Languages_of_Pakistan	Ghera		unmatched	No iso provided and name did not match any catalog entry		false	false
tools/mixer-meta/wikipedia-languages-of-pakistan-established.json	Wikipedia: Languages of Pakistan – established languages	https://en.wikipedia.org/wiki/Languages_of_Pakistan	Goaria		unmatched	No iso provided and name did not match any catalog entry		false	false
tools/mixer-meta/wikipedia-languages-of-pakistan-established.json	Wikipedia: Languages of Pakistan – established languages	https://en.wikipedia.org/wiki/Languages_of_Pakistan	Gowro		unmatched	No iso provided and name did not match any catalog entry		false	false
tools/mixer-meta/wikipedia-languages-of-pakistan-established.json	Wikipedia: Languages of Pakistan – established languages	https://en.wikipedia.org/wiki/Languages_of_Pakistan	Gujari		unmatched	No iso provided and name did not match any catalog entry		false	false
tools/mixer-meta/wikipedia-languages-of-pakistan-established.json	Wikipedia: Languages of Pakistan – established languages	https://en.wikipedia.org/wiki/Languages_of_Pakistan	Gurgula		unmatched	No iso provided and name did not match any catalog entry		false	false
tools/mixer-meta/wikipedia-languages-of-pakistan-established.json	Wikipedia: Languages of Pakistan – established languages	https://en.wikipedia.org/wiki/Languages_of_Pakistan	Haryanvi aka Rangri		unmatched	No iso provided and name did not match any catalog entry		false	false
tools/mixer-meta/wikipedia-languages-of-pakistan-established.json	Wikipedia: Languages of Pakistan – established languages	https://en.wikipedia.org/wiki/Languages_of_Pakistan	Hazaragi		unmatched	No iso provided and name did not match any catalog entry		false	false
tools/mixer-meta/wikipedia-languages-of-pakistan-established.json	Wikipedia: Languages of Pakistan – established languages	https://en.wikipedia.org/wiki/Languages_of_Pakistan	Hindko, Northern		unmatched	No iso provided and name did not match any catalog entry		false	false
tools/mixer-meta/wikipedia-languages-of-pakistan-established.json	Wikipedia: Languages of Pakistan – established languages	https://en.wikipedia.org/wiki/Languages_of_Pakistan	Hindko, Southern		unmatched	No iso provided and name did not match any catalog entry		false	false
tools/mixer-meta/wikipedia-languages-of-pakistan-established.json	Wikipedia: Languages of Pakistan – established languages	https://en.wikipedia.org/wiki/Languages_of_Pakistan	Jadgali		unmatched	No iso provided and name did not match any catalog entry		false	false
tools/mixer-meta/wikipedia-languages-of-pakistan-established.json	Wikipedia: Languages of Pakistan – established languages	https://en.wikipedia.org/wiki/Languages_of_Pakistan	Jandavra		unmatched	No iso provided and name did not match any catalog entry		false	false
tools/mixer-meta/wikipedia-languages-of-pakistan-established.json	Wikipedia: Languages of Pakistan – established languages	https://en.wikipedia.org/wiki/Languages_of_Pakistan	Jogi		unmatched	No iso provided and name did not match any catalog entry		false	false
tools/mixer-meta/wikipedia-languages-of-pakistan-established.json	Wikipedia: Languages of Pakistan – established languages	https://en.wikipedia.org/wiki/Languages_of_Pakistan	Kabutra		unmatched	No iso provided and name did not match any catalog entry		false	false
tools/mixer-meta/wikipedia-languages-of-pakistan-established.json	Wikipedia: Languages of Pakistan – established languages	https://en.wikipedia.org/wiki/Languages_of_Pakistan	Kacchi		unmatched	No iso provided and name did not match any catalog entry		false	false
tools/mixer-meta/wikipedia-languages-of-pakistan-established.json	Wikipedia: Languages of Pakistan – established languages	https://en.wikipedia.org/wiki/Languages_of_Pakistan	Kalasha		unmatched	No iso provided and name did not match any catalog entry		false	false
tools/mixer-meta/wikipedia-languages-of-pakistan-established.json	Wikipedia: Languages of Pakistan – established languages	https://en.wikipedia.org/wiki/Languages_of_Pakistan	Kalkoti		unmatched	No iso provided and name did not match any catalog entry		false	false
tools/mixer-meta/wikipedia-languages-of-pakistan-established.json	Wikipedia: Languages of Pakistan – established languages	https://en.wikipedia.org/wiki/Languages_of_Pakistan	Kamviri		unmatched	No iso provided and name did not match any catalog entry		false	false
tools/mixer-meta/wikipedia-languages-of-pakistan-established.json	Wikipedia: Languages of Pakistan – established languages	https://en.wikipedia.org/wiki/Languages_of_Pakistan	Kati		unmatched	No iso provided and name did not match any catalog entry		false	false
tools/mixer-meta/wikipedia-languages-of-pakistan-established.json	Wikipedia: Languages of Pakistan – established languages	https://en.wikipedia.org/wiki/Languages_of_Pakistan	Khetrani		unmatched	No iso provided and name did not match any catalog entry		false	false
tools/mixer-meta/wikipedia-languages-of-pakistan-established.json	Wikipedia: Languages of Pakistan – established languages	https://en.wikipedia.org/wiki/Languages_of_Pakistan	Khowar		unmatched	No iso provided and name did not match any catalog entry		false	false
tools/mixer-meta/wikipedia-languages-of-pakistan-established.json	Wikipedia: Languages of Pakistan – established languages	https://en.wikipedia.org/wiki/Languages_of_Pakistan	Kohistani, Indus		unmatched	No iso provided and name did not match any catalog entry		false	false
tools/mixer-meta/wikipedia-languages-of-pakistan-established.json	Wikipedia: Languages of Pakistan – established languages	https://en.wikipedia.org/wiki/Languages_of_Pakistan	Koli, Kachi		unmatched	No iso provided and name did not match any catalog entry		false	false
tools/mixer-meta/wikipedia-languages-of-pakistan-established.json	Wikipedia: Languages of Pakistan – established languages	https://en.wikipedia.org/wiki/Languages_of_Pakistan	Koli, Parkari		unmatched	No iso provided and name did not match any catalog entry		false	false
tools/mixer-meta/wikipedia-languages-of-pakistan-established.json	Wikipedia: Languages of Pakistan – established languages	https://en.wikipedia.org/wiki/Languages_of_Pakistan	Koli, Wadiyari		unmatched	No iso provided and name did not match any catalog entry		false	false
tools/mixer-meta/wikipedia-languages-of-pakistan-established.json	Wikipedia: Languages of Pakistan – established languages	https://en.wikipedia.org/wiki/Languages_of_Pakistan	Kutchi		unmatched	No iso provided and name did not match any catalog entry		false	false
tools/mixer-meta/wikipedia-languages-of-pakistan-established.json	Wikipedia: Languages of Pakistan – established languages	https://en.wikipedia.org/wiki/Languages_of_Pakistan	Kundal Shahi		unmatched	No iso provided and name did not match any catalog entry		false	false
tools/mixer-meta/wikipedia-languages-of-pakistan-established.json	Wikipedia: Languages of Pakistan – established languages	https://en.wikipedia.org/wiki/Languages_of_Pakistan	Lasi		unmatched	No iso provided and name did not match any catalog entry		false	false
tools/mixer-meta/wikipedia-languages-of-pakistan-established.json	Wikipedia: Languages of Pakistan – established languages	https://en.wikipedia.org/wiki/Languages_of_Pakistan	Loarki		unmatched	No iso provided and name did not match any catalog entry		false	false
tools/mixer-meta/wikipedia-languages-of-pakistan-established.json	Wikipedia: Languages of Pakistan – established languages	https://en.wikipedia.org/wiki/Languages_of_Pakistan	Mankiyali		unmatched	No iso provided and name did not match any catalog entry		false	false
tools/mixer-meta/wikipedia-languages-of-pakistan-established.json	Wikipedia: Languages of Pakistan – established languages	https://en.wikipedia.org/wiki/Languages_of_Pakistan	Mewati		unmatched	No iso provided and name did not match any catalog entry		false	false
tools/mixer-meta/wikipedia-languages-of-pakistan-established.json	Wikipedia: Languages of Pakistan – established languages	https://en.wikipedia.org/wiki/Languages_of_Pakistan	Memoni		unmatched	No iso provided and name did not match any catalog entry		false	false
tools/mixer-meta/wikipedia-languages-of-pakistan-established.json	Wikipedia: Languages of Pakistan – established languages	https://en.wikipedia.org/wiki/Languages_of_Pakistan	Oadki		unmatched	No iso provided and name did not match any catalog entry		false	false
tools/mixer-meta/wikipedia-languages-of-pakistan-established.json	Wikipedia: Languages of Pakistan – established languages	https://en.wikipedia.org/wiki/Languages_of_Pakistan	Ormuri		unmatched	No iso provided and name did not match any catalog entry		false	false
tools/mixer-meta/wikipedia-languages-of-pakistan-established.json	Wikipedia: Languages of Pakistan – established languages	https://en.wikipedia.org/wiki/Languages_of_Pakistan	Pahari-Pothwari		unmatched	No iso provided and name did not match any catalog entry		false	false
tools/mixer-meta/wikipedia-languages-of-pakistan-established.json	Wikipedia: Languages of Pakistan – established languages	https://en.wikipedia.org/wiki/Languages_of_Pakistan	Pakistan Sign Language		unmatched	No iso provided and name did not match any catalog entry		false	false
tools/mixer-meta/wikipedia-languages-of-pakistan-established.json	Wikipedia: Languages of Pakistan – established languages	https://en.wikipedia.org/wiki/Languages_of_Pakistan	Palula		unmatched	No iso provided and name did not match any catalog entry		false	false
tools/mixer-meta/wikipedia-languages-of-pakistan-established.json	Wikipedia: Languages of Pakistan – established languages	https://en.wikipedia.org/wiki/Languages_of_Pakistan	Pashto, Central		unmatched	No iso provided and name did not match any catalog entry		false	false
tools/mixer-meta/wikipedia-languages-of-pakistan-established.json	Wikipedia: Languages of Pakistan – established languages	https://en.wikipedia.org/wiki/Languages_of_Pakistan	Pashto, Northern		unmatched	No iso provided and name did not match any catalog entry		false	false
tools/mixer-meta/wikipedia-languages-of-pakistan-established.json	Wikipedia: Languages of Pakistan – established languages	https://en.wikipedia.org/wiki/Languages_of_Pakistan	Pashto, Southern		unmatched	No iso provided and name did not match any catalog entry		false	false
tools/mixer-meta/wikipedia-languages-of-pakistan-established.json	Wikipedia: Languages of Pakistan – established languages	https://en.wikipedia.org/wiki/Languages_of_Pakistan	Saraiki		unmatched	No iso provided and name did not match any catalog entry		false	false
tools/mixer-meta/wikipedia-languages-of-pakistan-established.json	Wikipedia: Languages of Pakistan – established languages	https://en.wikipedia.org/wiki/Languages_of_Pakistan	Savi		unmatched	No iso provided and name did not match any catalog entry		false	false
tools/mixer-meta/wikipedia-languages-of-pakistan-established.json	Wikipedia: Languages of Pakistan – established languages	https://en.wikipedia.org/wiki/Languages_of_Pakistan	Shina		unmatched	No iso provided and name did not match any catalog entry		false	false
tools/mixer-meta/wikipedia-languages-of-pakistan-established.json	Wikipedia: Languages of Pakistan – established languages	https://en.wikipedia.org/wiki/Languages_of_Pakistan	Shina, Kohistani		unmatched	No iso provided and name did not match any catalog entry		false	false
tools/mixer-meta/wikipedia-languages-of-pakistan-established.json	Wikipedia: Languages of Pakistan – established languages	https://en.wikipedia.org/wiki/Languages_of_Pakistan	Sindhi Bhil		unmatched	No iso provided and name did not match any catalog entry		false	false
tools/mixer-meta/wikipedia-languages-of-pakistan-established.json	Wikipedia: Languages of Pakistan – established languages	https://en.wikipedia.org/wiki/Languages_of_Pakistan	Torwali		unmatched	No iso provided and name did not match any catalog entry		false	false
tools/mixer-meta/wikipedia-languages-of-pakistan-established.json	Wikipedia: Languages of Pakistan – established languages	https://en.wikipedia.org/wiki/Languages_of_Pakistan	Ushojo		unmatched	No iso provided and name did not match any catalog entry		false	false
tools/mixer-meta/wikipedia-languages-of-pakistan-established.json	Wikipedia: Languages of Pakistan – established languages	https://en.wikipedia.org/wiki/Languages_of_Pakistan	Vaghri		unmatched	No iso provided and name did not match any catalog entry		false	false
tools/mixer-meta/wikipedia-languages-of-pakistan-established.json	Wikipedia: Languages of Pakistan – established languages	https://en.wikipedia.org/wiki/Languages_of_Pakistan	Waneci		unmatched	No iso provided and name did not match any catalog entry		false	false
tools/mixer-meta/wikipedia-languages-of-pakistan-established.json	Wikipedia: Languages of Pakistan – established languages	https://en.wikipedia.org/wiki/Languages_of_Pakistan	Waziri		unmatched	No iso provided and name did not match any catalog entry		false	false
tools/mixer-meta/wikipedia-languages-of-pakistan-established.json	Wikipedia: Languages of Pakistan – established languages	https://en.wikipedia.org/wiki/Languages_of_Pakistan	Yadgha		unmatched	No iso provided and name did not match any catalog entry		false	false
tools/mixer-meta/wikipedia-malayo-polynesian-oceanic-languages-blust-1999.json	Wikipedia: Malayo-Polynesian and Oceanic named languages – Blust (1999) snapshot	https://en.wikipedia.org/wiki/Malayo-Polynesian_languages; https://en.wikipedia.org/wiki/Oceanic_languages	Umiray Dumaget language		unmatched	No iso provided and name did not match any catalog entry		false	false
tools/mixer-meta/wikipedia-malayo-polynesian-oceanic-languages-blust-1999.json	Wikipedia: Malayo-Polynesian and Oceanic named languages – Blust (1999) snapshot	https://en.wikipedia.org/wiki/Malayo-Polynesian_languages; https://en.wikipedia.org/wiki/Oceanic_languages	Manide-Alabat languages		unmatched	No iso provided and name did not match any catalog entry		false	false
tools/mixer-meta/wikipedia-malayo-polynesian-oceanic-languages-blust-1999.json	Wikipedia: Malayo-Polynesian and Oceanic named languages – Blust (1999) snapshot	https://en.wikipedia.org/wiki/Malayo-Polynesian_languages; https://en.wikipedia.org/wiki/Oceanic_languages	Ati language		unmatched	No iso provided and name did not match any catalog entry		false	false
tools/mixer-meta/wikipedia-malayo-polynesian-oceanic-languages-blust-1999.json	Wikipedia: Malayo-Polynesian and Oceanic named languages – Blust (1999) snapshot	https://en.wikipedia.org/wiki/Malayo-Polynesian_languages; https://en.wikipedia.org/wiki/Oceanic_languages	Klata language		unmatched	No iso provided and name did not match any catalog entry		false	false
tools/mixer-meta/wikipedia-malayo-polynesian-oceanic-languages-blust-1999.json	Wikipedia: Malayo-Polynesian and Oceanic named languages – Blust (1999) snapshot	https://en.wikipedia.org/wiki/Malayo-Polynesian_languages; https://en.wikipedia.org/wiki/Oceanic_languages	Enggano language		unmatched	No iso provided and name did not match any catalog entry		false	false
tools/mixer-meta/wikipedia-malayo-polynesian-oceanic-languages-blust-1999.json	Wikipedia: Malayo-Polynesian and Oceanic named languages – Blust (1999) snapshot	https://en.wikipedia.org/wiki/Malayo-Polynesian_languages; https://en.wikipedia.org/wiki/Oceanic_languages	Rejang language		unmatched	No iso provided and name did not match any catalog entry		false	false
tools/mixer-meta/wikipedia-malayo-polynesian-oceanic-languages-blust-1999.json	Wikipedia: Malayo-Polynesian and Oceanic named languages – Blust (1999) snapshot	https://en.wikipedia.org/wiki/Malayo-Polynesian_languages; https://en.wikipedia.org/wiki/Oceanic_languages	Palauan language		unmatched	No iso provided and name did not match any catalog entry		false	false
tools/mixer-meta/wikipedia-malayo-polynesian-oceanic-languages-blust-1999.json	Wikipedia: Malayo-Polynesian and Oceanic named languages – Blust (1999) snapshot	https://en.wikipedia.org/wiki/Malayo-Polynesian_languages; https://en.wikipedia.org/wiki/Oceanic_languages	Chamorro language		unmatched	No iso provided and name did not match any catalog entry		false	false
tools/mixer-meta/wikipedia-malayo-polynesian-oceanic-languages-blust-1999.json	Wikipedia: Malayo-Polynesian and Oceanic named languages – Blust (1999) snapshot	https://en.wikipedia.org/wiki/Malayo-Polynesian_languages; https://en.wikipedia.org/wiki/Oceanic_languages	Kowiai language		unmatched	No iso provided and name did not match any catalog entry		false	false
tools/mixer-meta/wikipedia-malayo-polynesian-oceanic-languages-blust-1999.json	Wikipedia: Malayo-Polynesian and Oceanic named languages – Blust (1999) snapshot	https://en.wikipedia.org/wiki/Malayo-Polynesian_languages; https://en.wikipedia.org/wiki/Oceanic_languages	Yapese language		unmatched	No iso provided and name did not match any catalog entry		false	false
tools/mixer-meta/wikipedia-malayo-polynesian-oceanic-languages-blust-1999.json	Wikipedia: Malayo-Polynesian and Oceanic named languages – Blust (1999) snapshot	https://en.wikipedia.org/wiki/Malayo-Polynesian_languages; https://en.wikipedia.org/wiki/Oceanic_languages	Rotuman language		unmatched	No iso provided and name did not match any catalog entry		false	false
tools/mixer-meta/wikipedia-languages-by-phoneme-count-full.json	Wikipedia: List of languages by number of phonemes – full article list	https://en.wikipedia.org/wiki/List_of_languages_by_number_of_phonemes	ꞌAreꞌare		unmatched	No iso provided and name did not match any catalog entry		false	false
tools/mixer-meta/wikipedia-languages-by-phoneme-count-full.json	Wikipedia: List of languages by number of phonemes – full article list	https://en.wikipedia.org/wiki/List_of_languages_by_number_of_phonemes	Bintulu		unmatched	No iso provided and name did not match any catalog entry		false	false
tools/mixer-meta/wikipedia-languages-by-phoneme-count-full.json	Wikipedia: List of languages by number of phonemes – full article list	https://en.wikipedia.org/wiki/List_of_languages_by_number_of_phonemes	Bukawa		unmatched	No iso provided and name did not match any catalog entry		false	false
tools/mixer-meta/wikipedia-languages-by-phoneme-count-full.json	Wikipedia: List of languages by number of phonemes – full article list	https://en.wikipedia.org/wiki/List_of_languages_by_number_of_phonemes	Cèmuhî		unmatched	No iso provided and name did not match any catalog entry		false	false
tools/mixer-meta/wikipedia-languages-by-phoneme-count-full.json	Wikipedia: List of languages by number of phonemes – full article list	https://en.wikipedia.org/wiki/List_of_languages_by_number_of_phonemes	Cheke Holo		unmatched	No iso provided and name did not match any catalog entry		false	false
tools/mixer-meta/wikipedia-languages-by-phoneme-count-full.json	Wikipedia: List of languages by number of phonemes – full article list	https://en.wikipedia.org/wiki/List_of_languages_by_number_of_phonemes	Classical Tibetan		unmatched	No iso provided and name did not match any catalog entry		false	false
tools/mixer-meta/wikipedia-languages-by-phoneme-count-full.json	Wikipedia: List of languages by number of phonemes – full article list	https://en.wikipedia.org/wiki/List_of_languages_by_number_of_phonemes	Dawan		unmatched	No iso provided and name did not match any catalog entry		false	false
tools/mixer-meta/wikipedia-languages-by-phoneme-count-full.json	Wikipedia: List of languages by number of phonemes – full article list	https://en.wikipedia.org/wiki/List_of_languages_by_number_of_phonemes	Enggano		unmatched	No iso provided and name did not match any catalog entry		false	false
tools/mixer-meta/wikipedia-languages-by-phoneme-count-full.json	Wikipedia: List of languages by number of phonemes – full article list	https://en.wikipedia.org/wiki/List_of_languages_by_number_of_phonemes	Garo		unmatched	No iso provided and name did not match any catalog entry		false	false
tools/mixer-meta/wikipedia-languages-by-phoneme-count-full.json	Wikipedia: List of languages by number of phonemes – full article list	https://en.wikipedia.org/wiki/List_of_languages_by_number_of_phonemes	Gilbertese		unmatched	No iso provided and name did not match any catalog entry		false	false
tools/mixer-meta/wikipedia-languages-by-phoneme-count-full.json	Wikipedia: List of languages by number of phonemes – full article list	https://en.wikipedia.org/wiki/List_of_languages_by_number_of_phonemes	Hamer		unmatched	No iso provided and name did not match any catalog entry		false	false
tools/mixer-meta/wikipedia-languages-by-phoneme-count-full.json	Wikipedia: List of languages by number of phonemes – full article list	https://en.wikipedia.org/wiki/List_of_languages_by_number_of_phonemes	Kelabit		unmatched	No iso provided and name did not match any catalog entry		false	false
tools/mixer-meta/wikipedia-languages-by-phoneme-count-full.json	Wikipedia: List of languages by number of phonemes – full article list	https://en.wikipedia.org/wiki/List_of_languages_by_number_of_phonemes	Kilivila		unmatched	No iso provided and name did not match any catalog entry		false	false
tools/mixer-meta/wikipedia-languages-by-phoneme-count-full.json	Wikipedia: List of languages by number of phonemes – full article list	https://en.wikipedia.org/wiki/List_of_languages_by_number_of_phonemes	Kosraean		unmatched	No iso provided and name did not match any catalog entry		false	false
tools/mixer-meta/wikipedia-languages-by-phoneme-count-full.json	Wikipedia: List of languages by number of phonemes – full article list	https://en.wikipedia.org/wiki/List_of_languages_by_number_of_phonemes	Lauje		unmatched	No iso provided and name did not match any catalog entry		false	false
tools/mixer-meta/wikipedia-languages-by-phoneme-count-full.json	Wikipedia: List of languages by number of phonemes – full article list	https://en.wikipedia.org/wiki/List_of_languages_by_number_of_phonemes	Lonwolwol		unmatched	No iso provided and name did not match any catalog entry		false	false
tools/mixer-meta/wikipedia-languages-by-phoneme-count-full.json	Wikipedia: List of languages by number of phonemes – full article list	https://en.wikipedia.org/wiki/List_of_languages_by_number_of_phonemes	Mongsen Ao		unmatched	No iso provided and name did not match any catalog entry		false	false
tools/mixer-meta/wikipedia-languages-by-phoneme-count-full.json	Wikipedia: List of languages by number of phonemes – full article list	https://en.wikipedia.org/wiki/List_of_languages_by_number_of_phonemes	Muna		unmatched	No iso provided and name did not match any catalog entry		false	false
tools/mixer-meta/wikipedia-languages-by-phoneme-count-full.json	Wikipedia: List of languages by number of phonemes – full article list	https://en.wikipedia.org/wiki/List_of_languages_by_number_of_phonemes	Narom		unmatched	No iso provided and name did not match any catalog entry		false	false
tools/mixer-meta/wikipedia-languages-by-phoneme-count-full.json	Wikipedia: List of languages by number of phonemes – full article list	https://en.wikipedia.org/wiki/List_of_languages_by_number_of_phonemes	Nemi		unmatched	No iso provided and name did not match any catalog entry		false	false
tools/mixer-meta/wikipedia-languages-by-phoneme-count-full.json	Wikipedia: List of languages by number of phonemes – full article list	https://en.wikipedia.org/wiki/List_of_languages_by_number_of_phonemes	Nuaulu		unmatched	No iso provided and name did not match any catalog entry		false	false
tools/mixer-meta/wikipedia-languages-by-phoneme-count-full.json	Wikipedia: List of languages by number of phonemes – full article list	https://en.wikipedia.org/wiki/List_of_languages_by_number_of_phonemes	Nuer		unmatched	No iso provided and name did not match any catalog entry		false	false
tools/mixer-meta/wikipedia-languages-by-phoneme-count-full.json	Wikipedia: List of languages by number of phonemes – full article list	https://en.wikipedia.org/wiki/List_of_languages_by_number_of_phonemes	Saʼban		unmatched	No iso provided and name did not match any catalog entry		false	false
tools/mixer-meta/wikipedia-languages-by-phoneme-count-full.json	Wikipedia: List of languages by number of phonemes – full article list	https://en.wikipedia.org/wiki/List_of_languages_by_number_of_phonemes	Saaroa		unmatched	No iso provided and name did not match any catalog entry		false	false
tools/mixer-meta/wikipedia-languages-by-phoneme-count-full.json	Wikipedia: List of languages by number of phonemes – full article list	https://en.wikipedia.org/wiki/List_of_languages_by_number_of_phonemes	Thao		unmatched	No iso provided and name did not match any catalog entry		false	false
tools/mixer-meta/wikipedia-languages-by-phoneme-count-full.json	Wikipedia: List of languages by number of phonemes – full article list	https://en.wikipedia.org/wiki/List_of_languages_by_number_of_phonemes	Ubykh		unmatched	No iso provided and name did not match any catalog entry		false	false
tools/mixer-meta/wikipedia-languages-by-phoneme-count-full.json	Wikipedia: List of languages by number of phonemes – full article list	https://en.wikipedia.org/wiki/List_of_languages_by_number_of_phonemes	Vaeakau-Taumako		unmatched	No iso provided and name did not match any catalog entry		false	false
tools/mixer-meta/wikipedia-languages-by-phoneme-count-full.json	Wikipedia: List of languages by number of phonemes – full article list	https://en.wikipedia.org/wiki/List_of_languages_by_number_of_phonemes	Waimoa		unmatched	No iso provided and name did not match any catalog entry		false	false
tools/mixer-meta/wikipedia-languages-by-phoneme-count-full.json	Wikipedia: List of languages by number of phonemes – full article list	https://en.wikipedia.org/wiki/List_of_languages_by_number_of_phonemes	Wayan		unmatched	No iso provided and name did not match any catalog entry		false	false
tools/mixer-meta/wikipedia-languages-by-phoneme-count-full.json	Wikipedia: List of languages by number of phonemes – full article list	https://en.wikipedia.org/wiki/List_of_languages_by_number_of_phonemes	Wolio		unmatched	No iso provided and name did not match any catalog entry		false	false
