iso	name	langRegion	langFamily	langCategory	base	baseName	baseUses	dominantFamily	dominantFamilyDominance	dominantCategory	dominantCategoryDominance	dominantRegion	dominantRegionDominance	score	reasons
aboriginal-pidgin-english	Aboriginal Pidgin English	Misc	English-based	Pidgin	312	Harari-Argobba	39	Australian Aboriginal	0.8717948717948718	Australian Aboriginal	0.8717948717948718	Australia	0.8717948717948718	5.230769230769232	family(English-based != Australian Aboriginal, dom=0.87); category(Pidgin != Australian Aboriginal, dom=0.87); region(Misc != Australia, dom=0.87)
acadian	Acadian	Americas	Canadian	Romance	8	Roman	78	Daco-Romanian	0.10256410256410256	Romance	0.7948717948717948	Europe	0.8589743589743589	0.8589743589743589	region(Americas != Europe, dom=0.86)
african-romance	African Romance	Africa	Latin	Romance	8	Roman	78	Daco-Romanian	0.10256410256410256	Romance	0.7948717948717948	Europe	0.8589743589743589	0.8589743589743589	region(Africa != Europe, dom=0.86)
african-romance	African Romance	Africa	Latin	Romance	279	Corsican	70	Oïl Dialects	0.21428571428571427	Romance	1	Europe	0.9285714285714286	0.9285714285714286	region(Africa != Europe, dom=0.93)
afro-seminole-creole	Afro-Seminole Creole	North America	English-based	Creole	277	Zarma	44	Niger-Congo	0.6136363636363636	Niger-Congo	0.6363636363636364	Africa	0.9545454545454546	0.9545454545454546	region(North America != Africa, dom=0.95)
algonquian-basque-pidgin	Algonquian-Basque pidgin	Misc	Pidgin	Pidgin	186	Cree	20	Yuman	0.3	Yuman	0.35	North America	0.9	0.9	region(Misc != North America, dom=0.90)
alyutor	Alyutor	Siberia	Chukotkan	Chukotko-Kamchatkan	380	Tungusic	37	Jurchenic	0.1891891891891892	Tungusic	0.5945945945945946	Asia	0.918918918918919	0.918918918918919	region(Siberia != Asia, dom=0.92)
equatoguinean-spanish	Equatoguinean Spanish	Africa	Spanish	Romance	3	Italian	116	Central Italian	0.08620689655172414	Romance	0.8362068965517241	Europe	0.853448275862069	0.853448275862069	region(Africa != Europe, dom=0.85)
saharan-spanish	Saharan Spanish	Africa	Spanish	Romance	17	Berber	81	Berber	0.3950617283950617	Afroasiatic	0.9382716049382716	Africa	0.4691358024691358	1.876543209876543	category(Romance != Afroasiatic, dom=0.94)
tetuani	Tetuani	Africa	Judeo-Spanish	Romance	231	Ladino	10	Judeo-Spanish	0.3	Romance	1	Europe	0.9	0.9	region(Africa != Europe, dom=0.90)
udmurt	Udmurt	Europe	Udmurt	Uralic	283	Udmurt	125	Western Dialects	0.136	Uralic	1	Eurasia	0.984	0.984	region(Europe != Eurasia, dom=0.98)
northern-sami	Northern Sami	Europe	Northern Sami	Uralic	274	Northern Sami	104	Western Dialects	0.11538461538461539	Uralic	0.9807692307692307	Eurasia	0.9807692307692307	0.9807692307692307	region(Europe != Eurasia, dom=0.98)
angolar-creole	Angolar Creole	Gulf of Guinea	Portuguese-based	Creole	146	Lingala	45	Niger-Congo	0.6666666666666666	Niger-Congo	0.7555555555555555	Africa	0.8888888888888888	0.8888888888888888	region(Gulf of Guinea != Africa, dom=0.89)
annobonese-creole	Annobonese Creole	Gulf of Guinea	Portuguese-based	Creole	148	Shona	35	Niger-Congo	0.7714285714285715	Niger-Congo	0.8285714285714286	Africa	0.9428571428571428	0.9428571428571428	region(Gulf of Guinea != Africa, dom=0.94)
arabic-javanese-of-klego	Arabic-Javanese of Klego	Misc	Mixed	Mixed	194	Indonesian	134	Formosan	0.21641791044776118	Papuan	0.5970149253731343	Pacific	0.917910447761194	0.917910447761194	region(Misc != Pacific, dom=0.92)
arafundi-enga-pidgin	Arafundi-Enga Pidgin	Misc	Pidgin	Pidgin	25	Hawaiian	85	Kainantu–Goroka	0.2	Papuan	0.8352941176470589	Pacific	0.8705882352941177	0.8705882352941177	region(Misc != Pacific, dom=0.87)
lusoga	Lusoga	Africa	Bantu	Niger-Congo	155	Chichewa	36	Niger-Congo	0.8611111111111112	Niger-Congo	0.8888888888888888	Africa	1	2.5833333333333335	family(Bantu != Niger-Congo, dom=0.86)
nkore	Nkore	Africa	Bantu	Niger-Congo	151	Sesotho	53	Niger-Congo	0.9056603773584906	Niger-Congo	0.9433962264150944	Africa	0.9433962264150944	2.716981132075472	family(Bantu != Niger-Congo, dom=0.91)
argentinian-spanish	Argentinian Spanish	South America	Latin American	Romance	3	Italian	116	Central Italian	0.08620689655172414	Romance	0.8362068965517241	Europe	0.853448275862069	0.853448275862069	region(South America != Europe, dom=0.85)
tagdal	Tagdal	Africa	Nilo-Saharan	Nilo-Saharan	17	Berber	81	Berber	0.3950617283950617	Afroasiatic	0.9382716049382716	Africa	0.4691358024691358	1.876543209876543	category(Nilo-Saharan != Afroasiatic, dom=0.94)
comorian	Comorian	Indian Ocean	Bantu	Niger-Congo	146	Lingala	45	Niger-Congo	0.6666666666666666	Niger-Congo	0.7555555555555555	Africa	0.8888888888888888	0.8888888888888888	region(Indian Ocean != Africa, dom=0.89)
comorian	Comorian	Indian Ocean	Bantu	Niger-Congo	149	Zulu	47	Niger-Congo	0.7659574468085106	Niger-Congo	0.8723404255319149	Africa	0.9148936170212766	0.9148936170212766	region(Indian Ocean != Africa, dom=0.91)
seychellois-creole	Seychellois Creole	Indian Ocean	French-based	Creole	149	Zulu	47	Niger-Congo	0.7659574468085106	Niger-Congo	0.8723404255319149	Africa	0.9148936170212766	2.6595744680851063	category(Creole != Niger-Congo, dom=0.87); region(Indian Ocean != Africa, dom=0.91)
seychellois-creole	Seychellois Creole	Indian Ocean	French-based	Creole	152	Tswana	54	Niger-Congo	0.7777777777777778	Niger-Congo	0.7962962962962963	Africa	0.9444444444444444	0.9444444444444444	region(Indian Ocean != Africa, dom=0.94)
kurichiya	Kurichiya	Asia	South Dravidian	Dravidian	252	Lao	70	Tai-Kadai	0.6571428571428571	Tai-Kadai	0.8857142857142857	Asia	0.9	1.7714285714285714	category(Dravidian != Tai-Kadai, dom=0.89)
burushaski	Burushaski	Asia	Language isolate	Language isolate	55	Tamangic	19	Tamangic	0.47368421052631576	Sino-Tibetan	0.9473684210526315	Asia	0.7894736842105263	1.894736842105263	category(Language isolate != Sino-Tibetan, dom=0.95)
tai-lue	Tai Lue	Asia	Tai-Kadai	Tai-Kadai	369	Micronesian	52	Micronesian	0.1346153846153846	Papuan	0.6923076923076923	Pacific	0.8653846153846154	0.8653846153846154	region(Asia != Pacific, dom=0.87)
southern-thai	Southern Thai	Asia	Tai-Kadai	Tai-Kadai	370	Central Pacific	52	Polynesian	0.21153846153846154	Papuan	0.5	Pacific	0.8846153846153846	0.8846153846153846	region(Asia != Pacific, dom=0.88)
burmese	Burmese	Southeast Asia	Tibeto-Burman	Sino-Tibetan	251	Thai	89	Tai-Kadai	0.5280898876404494	Tai-Kadai	0.6853932584269663	Asia	0.9325842696629213	0.9325842696629213	region(Southeast Asia != Asia, dom=0.93)
rakhine	Rakhine	Southeast Asia	Tibeto-Burman	Sino-Tibetan	201	Bengali	82	Indo-Aryan	0.15853658536585366	Indo-Aryan	0.7926829268292683	Asia	0.9634146341463414	0.9634146341463414	region(Southeast Asia != Asia, dom=0.96)
hmn	Hmong	Southeast Asia	Hmongic	Hmong-Mien	252	Lao	70	Tai-Kadai	0.6571428571428571	Tai-Kadai	0.8857142857142857	Asia	0.9	2.6714285714285713	category(Hmong-Mien != Tai-Kadai, dom=0.89); region(Southeast Asia != Asia, dom=0.90)
mji	Mien	Southeast Asia	Mienic	Hmong-Mien	252	Lao	70	Tai-Kadai	0.6571428571428571	Tai-Kadai	0.8857142857142857	Asia	0.9	2.6714285714285713	category(Hmong-Mien != Tai-Kadai, dom=0.89); region(Southeast Asia != Asia, dom=0.90)
zha	Zhuang	East Asia	Tai	Tai-Kadai	251	Thai	89	Tai-Kadai	0.5280898876404494	Tai-Kadai	0.6853932584269663	Asia	0.9325842696629213	0.9325842696629213	region(East Asia != Asia, dom=0.93)
zha	Zhuang	East Asia	Tai	Tai-Kadai	252	Lao	70	Tai-Kadai	0.6571428571428571	Tai-Kadai	0.8857142857142857	Asia	0.9	0.9	region(East Asia != Asia, dom=0.90)
shn	Shan	Southeast Asia	Tai	Tai-Kadai	251	Thai	89	Tai-Kadai	0.5280898876404494	Tai-Kadai	0.6853932584269663	Asia	0.9325842696629213	0.9325842696629213	region(Southeast Asia != Asia, dom=0.93)
shn	Shan	Southeast Asia	Tai	Tai-Kadai	252	Lao	70	Tai-Kadai	0.6571428571428571	Tai-Kadai	0.8857142857142857	Asia	0.9	0.9	region(Southeast Asia != Asia, dom=0.90)
mni	Meitei	South Asia	Tibeto-Burman	Sino-Tibetan	252	Lao	70	Tai-Kadai	0.6571428571428571	Tai-Kadai	0.8857142857142857	Asia	0.9	2.6714285714285713	category(Sino-Tibetan != Tai-Kadai, dom=0.89); region(South Asia != Asia, dom=0.90)
kharia	Kharia	Asia	Munda	Austroasiatic	252	Lao	70	Tai-Kadai	0.6571428571428571	Tai-Kadai	0.8857142857142857	Asia	0.9	1.7714285714285714	category(Austroasiatic != Tai-Kadai, dom=0.89)
mundari	Mundari	Asia	Munda	Austroasiatic	252	Lao	70	Tai-Kadai	0.6571428571428571	Tai-Kadai	0.8857142857142857	Asia	0.9	1.7714285714285714	category(Austroasiatic != Tai-Kadai, dom=0.89)
kha	Khasi	Asia	Khasic	Austroasiatic	194	Indonesian	134	Formosan	0.21641791044776118	Papuan	0.5970149253731343	Pacific	0.917910447761194	0.917910447761194	region(Asia != Pacific, dom=0.92)
jeh-bahnaric	Jeh	Asia	Bahnaric	Austroasiatic	194	Indonesian	134	Formosan	0.21641791044776118	Papuan	0.5970149253731343	Pacific	0.917910447761194	0.917910447761194	region(Asia != Pacific, dom=0.92)
jru-bahnaric	Jru'	Asia	Bahnaric	Austroasiatic	194	Indonesian	134	Formosan	0.21641791044776118	Papuan	0.5970149253731343	Pacific	0.917910447761194	0.917910447761194	region(Asia != Pacific, dom=0.92)
kaco-bahnaric	Kaco'	Asia	Bahnaric	Austroasiatic	194	Indonesian	134	Formosan	0.21641791044776118	Papuan	0.5970149253731343	Pacific	0.917910447761194	0.917910447761194	region(Asia != Pacific, dom=0.92)
ga	Ga	Africa	Ga–Dangme	Niger-Congo	121	Ga	15	Niger-Congo	0.8666666666666667	Niger-Congo	1	Africa	1	2.6	family(Ga–Dangme != Niger-Congo, dom=0.87)
fon	Fon	Africa	Gbe	Niger-Congo	122	Fon	13	Niger-Congo	0.9230769230769231	Niger-Congo	1	Africa	1	2.769230769230769	family(Gbe != Niger-Congo, dom=0.92)
forro-creole	Forro Creole	Gulf of Guinea	Portuguese-based	Creole	151	Sesotho	53	Niger-Congo	0.9056603773584906	Niger-Congo	0.9433962264150944	Africa	0.9433962264150944	5.547169811320755	family(Portuguese-based != Niger-Congo, dom=0.91); category(Creole != Niger-Congo, dom=0.94); region(Gulf of Guinea != Africa, dom=0.94)
principense-creole	Principense Creole	Gulf of Guinea	Portuguese-based	Creole	146	Lingala	45	Niger-Congo	0.6666666666666666	Niger-Congo	0.7555555555555555	Africa	0.8888888888888888	0.8888888888888888	region(Gulf of Guinea != Africa, dom=0.89)
pipil	Pipil (Nawat)	Central America	Uto-Aztecan	Uto-Aztecan	169	Mazatec	8	Oto-Manguean	0.75	Oto-Manguean	0.75	Mesoamerica	0.875	0.875	region(Central America != Mesoamerica, dom=0.88)
fanagalo	Fanagalo	Misc	Pidgin	Pidgin	149	Zulu	47	Niger-Congo	0.7659574468085106	Niger-Congo	0.8723404255319149	Africa	0.9148936170212766	2.6595744680851063	category(Pidgin != Niger-Congo, dom=0.87); region(Misc != Africa, dom=0.91)
kituba	Kituba	Misc	Kongo-based	Creole	146	Lingala	45	Niger-Congo	0.6666666666666666	Niger-Congo	0.7555555555555555	Africa	0.8888888888888888	0.8888888888888888	region(Misc != Africa, dom=0.89)
kituba	Kituba	Misc	Kongo-based	Creole	153	Kongo	41	Niger-Congo	0.7073170731707317	Niger-Congo	0.8048780487804879	Africa	0.9512195121951219	0.9512195121951219	region(Misc != Africa, dom=0.95)
nagamese	Nagamese	Misc	Assamese-based	Creole	183	Hindi	94	Indo-Aryan	0.2872340425531915	Indo-Aryan	0.8297872340425532	Asia	0.9468085106382979	0.9468085106382979	region(Misc != Asia, dom=0.95)
nagamese	Nagamese	Misc	Assamese-based	Creole	257	Assamese	44	Bengali–Assamese	0.2727272727272727	Indo-Aryan	0.75	Asia	0.9545454545454546	0.9545454545454546	region(Misc != Asia, dom=0.95)
nefamese	Nefamese	Misc	Pidgin	Pidgin	201	Bengali	82	Indo-Aryan	0.15853658536585366	Indo-Aryan	0.7926829268292683	Asia	0.9634146341463414	0.9634146341463414	region(Misc != Asia, dom=0.96)
nefamese	Nefamese	Misc	Pidgin	Pidgin	257	Assamese	44	Bengali–Assamese	0.2727272727272727	Indo-Aryan	0.75	Asia	0.9545454545454546	0.9545454545454546	region(Misc != Asia, dom=0.95)
guinea-bissau-creole	Guinea-Bissau Creole	Upper Guinea	Portuguese-based	Creole	8	Roman	78	Daco-Romanian	0.10256410256410256	Romance	0.7948717948717948	Europe	0.8589743589743589	0.8589743589743589	region(Upper Guinea != Europe, dom=0.86)
guinea-bissau-creole	Guinea-Bissau Creole	Upper Guinea	Portuguese-based	Creole	307	West African English Creole	13	English-based	0.9230769230769231	Creole	0.7692307692307693	Africa	0.6153846153846154	2.769230769230769	family(Portuguese-based != English-based, dom=0.92)
naga	Naga	Sino-Tibetan region	Sino-Tibetan	Sino-Tibetan	251	Thai	89	Tai-Kadai	0.5280898876404494	Tai-Kadai	0.6853932584269663	Asia	0.9325842696629213	0.9325842696629213	region(Sino-Tibetan region != Asia, dom=0.93)
konyak	Konyak	Sino-Tibetan region	Sino-Tibetan	Sino-Tibetan	251	Thai	89	Tai-Kadai	0.5280898876404494	Tai-Kadai	0.6853932584269663	Asia	0.9325842696629213	0.9325842696629213	region(Sino-Tibetan region != Asia, dom=0.93)
lus	Mizo	South Asia	Tibeto-Burman	Sino-Tibetan	252	Lao	70	Tai-Kadai	0.6571428571428571	Tai-Kadai	0.8857142857142857	Asia	0.9	2.6714285714285713	category(Sino-Tibetan != Tai-Kadai, dom=0.89); region(South Asia != Asia, dom=0.90)
mlg	Malagasy	Africa	Malayo-Polynesian	Austronesian	369	Micronesian	52	Micronesian	0.1346153846153846	Papuan	0.6923076923076923	Pacific	0.8653846153846154	0.8653846153846154	region(Africa != Pacific, dom=0.87)
bug	Buginese	Southeast Asia	Malayo-Polynesian	Austronesian	369	Micronesian	52	Micronesian	0.1346153846153846	Papuan	0.6923076923076923	Pacific	0.8653846153846154	0.8653846153846154	region(Southeast Asia != Pacific, dom=0.87)
mak	Makassarese	Southeast Asia	Malayo-Polynesian	Austronesian	369	Micronesian	52	Micronesian	0.1346153846153846	Papuan	0.6923076923076923	Pacific	0.8653846153846154	0.8653846153846154	region(Southeast Asia != Pacific, dom=0.87)
bbc	Toba Batak	Southeast Asia	Malayo-Polynesian	Austronesian	194	Indonesian	134	Formosan	0.21641791044776118	Papuan	0.5970149253731343	Pacific	0.917910447761194	0.917910447761194	region(Southeast Asia != Pacific, dom=0.92)
north-new-guinea	North New Guinea	Pacific	Austronesian	Austronesian	520	North New Guinea	20	Southeast Papuan	0.7	Papuan	0.9	Pacific	1	1.8	category(Austronesian != Papuan, dom=0.90)
classical-arabic	Classical Arabic	Middle East	Literary	Afroasiatic	8	Roman	78	Daco-Romanian	0.10256410256410256	Romance	0.7948717948717948	Europe	0.8589743589743589	0.8589743589743589	region(Middle East != Europe, dom=0.86)
jersey-dutch	Jersey Dutch	Misc	Dutch-based	Creole	232	Occitan	86	Oïl Dialects	0.11627906976744186	Romance	0.9883720930232558	Europe	0.8372093023255814	1.9767441860465116	category(Creole != Romance, dom=0.99)
tai-yao	Tai Yao	Asia	Tai	Tai-Kadai	370	Central Pacific	52	Polynesian	0.21153846153846154	Papuan	0.5	Pacific	0.8846153846153846	0.8846153846153846	region(Asia != Pacific, dom=0.88)
tai-pao	Tai Pao	Asia	Tai-Kadai	Tai-Kadai	369	Micronesian	52	Micronesian	0.1346153846153846	Papuan	0.6923076923076923	Pacific	0.8653846153846154	0.8653846153846154	region(Asia != Pacific, dom=0.87)
tai-song	Tai Song	Asia	Tai	Tai-Kadai	369	Micronesian	52	Micronesian	0.1346153846153846	Papuan	0.6923076923076923	Pacific	0.8653846153846154	0.8653846153846154	region(Asia != Pacific, dom=0.87)
kra	Kumhali	Asia	Indo-Aryan	Indo-Aryan	317	Kra	53	Tai-Kadai	0.5283018867924528	Tai-Kadai	0.9811320754716981	Asia	1	1.9622641509433962	category(Indo-Aryan != Tai-Kadai, dom=0.98)
mnw-native-speakers	Mon native-speakers subset	Southeast Asia	Monic	Austroasiatic	179	Khmer	26	Pearic	0.2692307692307692	Austroasiatic	1	Asia	0.9615384615384616	0.9615384615384616	region(Southeast Asia != Asia, dom=0.96)
kha-native-speakers	Khasi native-speakers subset	South Asia	Khasic	Austroasiatic	182	Khasi	8	Khasic	0.5	Austroasiatic	0.625	Asia	0.875	0.875	region(South Asia != Asia, dom=0.88)
big-flowery	Big Flowery	East Asia	West Hmongic	Hmong-Mien	47	Tibetan	45	Sino-Tibetan	0.3111111111111111	Sino-Tibetan	0.9111111111111111	Asia	0.4666666666666667	1.8222222222222222	category(Hmong-Mien != Sino-Tibetan, dom=0.91)
pingtang	Pingtang	East Asia	West Hmongic	Hmong-Mien	47	Tibetan	45	Sino-Tibetan	0.3111111111111111	Sino-Tibetan	0.9111111111111111	Asia	0.4666666666666667	1.8222222222222222	category(Hmong-Mien != Sino-Tibetan, dom=0.91)
macro-bai	Macro Bai	Sino-Tibetan region	Sino-Tibetan	Sino-Tibetan	68	Min	43	Min	0.27906976744186046	Sino-Tibetan	0.46511627906976744	East Asia	0.9069767441860465	0.9069767441860465	region(Sino-Tibetan region != East Asia, dom=0.91)
mahakiranti	Mahakiranti	Sino-Tibetan region	Sino-Tibetan	Sino-Tibetan	56	Kiranti	32	Kiranti	0.84375	Sino-Tibetan	0.96875	Asia	0.9375	0.9375	region(Sino-Tibetan region != Asia, dom=0.94)
southern-yukaghir	Southern Yukaghir	Siberia	Yukaghir	Yukaghir	380	Tungusic	37	Jurchenic	0.1891891891891892	Tungusic	0.5945945945945946	Asia	0.918918918918919	0.918918918918919	region(Siberia != Asia, dom=0.92)
tundra-yukaghir	Tundra Yukaghir	Siberia	Yukaghir	Yukaghir	380	Tungusic	37	Jurchenic	0.1891891891891892	Tungusic	0.5945945945945946	Asia	0.918918918918919	0.918918918918919	region(Siberia != Asia, dom=0.92)
tiwi	Tiwi	Australia	Australian Aboriginal	Australian Aboriginal	196	Maori	21	Austronesian	0.7142857142857143	Austronesian	0.7619047619047619	Pacific	0.9523809523809523	0.9523809523809523	region(Australia != Pacific, dom=0.95)
papiamento	Papiamento	Caribbean	Portuguese-based	Creole	8	Roman	78	Daco-Romanian	0.10256410256410256	Romance	0.7948717948717948	Europe	0.8589743589743589	0.8589743589743589	region(Caribbean != Europe, dom=0.86)
cape-verdean-creole	Cape Verdean Creole	Atlantic	Portuguese-based	Creole	8	Roman	78	Daco-Romanian	0.10256410256410256	Romance	0.7948717948717948	Europe	0.8589743589743589	0.8589743589743589	region(Atlantic != Europe, dom=0.86)
piraha	Pirahã	South America	Muran	Amazonian	388	Kwaza-Xocó Amazonian	7	North Dravidian	0.8571428571428571	Dravidian	0.8571428571428571	Asia	0.8571428571428571	5.142857142857142	family(Muran != North Dravidian, dom=0.86); category(Amazonian != Dravidian, dom=0.86); region(South America != Asia, dom=0.86)
bikol	Bikol	Asia	Austronesian	Austronesian	194	Indonesian	134	Formosan	0.21641791044776118	Papuan	0.5970149253731343	Pacific	0.917910447761194	0.917910447761194	region(Asia != Pacific, dom=0.92)
georgian	Georgian	Caucasus	Kartvelian	Kartvelian	212	Persian	22	Iranian	0.6818181818181818	Iranian	0.7727272727272727	Asia	0.9090909090909091	0.9090909090909091	region(Caucasus != Asia, dom=0.91)
estonian	Estonian	Europe	North Estonian	Uralic	9	Finnic	173	Western Dialects	0.1329479768786127	Uralic	0.976878612716763	Eurasia	0.9826589595375722	0.9826589595375722	region(Europe != Eurasia, dom=0.98)
estonian	Estonian	Europe	North Estonian	Uralic	424	South Estonian A	10	South Estonian	0.6	Uralic	1	Eurasia	0.9	0.9	region(Europe != Eurasia, dom=0.90)
estonian	Estonian	Europe	North Estonian	Uralic	425	South Estonian B	32	Ingrian	0.15625	Uralic	1	Eurasia	0.96875	0.96875	region(Europe != Eurasia, dom=0.97)
macedonian	Macedonian	Europe	Eastern South Slavic	Slavic	372	Bulgarian	21	South Dravidian	0.5714285714285714	Dravidian	0.8571428571428571	Asia	0.8571428571428571	2.571428571428571	category(Slavic != Dravidian, dom=0.86); region(Europe != Asia, dom=0.86)
nheengatu	Nheengatu	South America	Tupian	Tupian	8	Roman	78	Daco-Romanian	0.10256410256410256	Romance	0.7948717948717948	Europe	0.8589743589743589	0.8589743589743589	region(South America != Europe, dom=0.86)
fin	Finnish	Europe	Finnish	Uralic	9	Finnic	173	Western Dialects	0.1329479768786127	Uralic	0.976878612716763	Eurasia	0.9826589595375722	0.9826589595375722	region(Europe != Eurasia, dom=0.98)
moghol	Moghol / Mogholi	Asia	Mongolic	Mongolic	58	Gyalrongic	13	Gyalrongic	0.6153846153846154	Sino-Tibetan	0.9230769230769231	Sino-Tibetan region	0.6153846153846154	1.8461538461538463	category(Mongolic != Sino-Tibetan, dom=0.92)
tok-pisin	Tok Pisin	Pacific	English-based	Creole	263	Tok Pisin	217	Kainantu–Goroka	0.15668202764976957	Papuan	0.967741935483871	Pacific	0.9953917050691244	1.935483870967742	category(Creole != Papuan, dom=0.97)
tok-pisin	Tok Pisin	Pacific	English-based	Creole	360	Papuan	110	Southeast Papuan	0.2	Papuan	0.9272727272727272	Pacific	0.9727272727272728	1.8545454545454545	category(Creole != Papuan, dom=0.93)
ban	Balinese	Southeast Asia	Malayo-Polynesian	Austronesian	194	Indonesian	134	Formosan	0.21641791044776118	Papuan	0.5970149253731343	Pacific	0.917910447761194	0.917910447761194	region(Southeast Asia != Pacific, dom=0.92)
ban	Balinese	Southeast Asia	Malayo-Polynesian	Austronesian	369	Micronesian	52	Micronesian	0.1346153846153846	Papuan	0.6923076923076923	Pacific	0.8653846153846154	0.8653846153846154	region(Southeast Asia != Pacific, dom=0.87)
motu	Motu	Pacific	Austronesian	Austronesian	263	Tok Pisin	217	Kainantu–Goroka	0.15668202764976957	Papuan	0.967741935483871	Pacific	0.9953917050691244	1.935483870967742	category(Austronesian != Papuan, dom=0.97)
motu	Motu	Pacific	Austronesian	Austronesian	360	Papuan	110	Southeast Papuan	0.2	Papuan	0.9272727272727272	Pacific	0.9727272727272728	1.8545454545454545	category(Austronesian != Papuan, dom=0.93)
hiri-motu	Hiri Motu	Pacific	Motu-based	Creole	263	Tok Pisin	217	Kainantu–Goroka	0.15668202764976957	Papuan	0.967741935483871	Pacific	0.9953917050691244	1.935483870967742	category(Creole != Papuan, dom=0.97)
hiri-motu	Hiri Motu	Pacific	Motu-based	Creole	360	Papuan	110	Southeast Papuan	0.2	Papuan	0.9272727272727272	Pacific	0.9727272727272728	1.8545454545454545	category(Creole != Papuan, dom=0.93)
bislama	Bislama	Pacific	English-based	Creole	368	Melanesian Vanuatu	49	Kainantu–Goroka	0.16326530612244897	Papuan	0.9183673469387755	Pacific	0.9591836734693877	1.836734693877551	category(Creole != Papuan, dom=0.92)
pijin	Pijin	Pacific	English-based	Creole	368	Melanesian Vanuatu	49	Kainantu–Goroka	0.16326530612244897	Papuan	0.9183673469387755	Pacific	0.9591836734693877	1.836734693877551	category(Creole != Papuan, dom=0.92)
mad	Madurese	Southeast Asia	Malayo-Polynesian	Austronesian	194	Indonesian	134	Formosan	0.21641791044776118	Papuan	0.5970149253731343	Pacific	0.917910447761194	0.917910447761194	region(Southeast Asia != Pacific, dom=0.92)
kowiai	Kowiai	Pacific	Austronesian	Austronesian	360	Papuan	110	Southeast Papuan	0.2	Papuan	0.9272727272727272	Pacific	0.9727272727272728	1.8545454545454545	category(Austronesian != Papuan, dom=0.93)
adnyamathanha	Adnyamathanha	Australia	Australian Aboriginal	Australian Aboriginal	132	Hausa	259	Chadic	0.8223938223938224	Afroasiatic	0.8494208494208494	Africa	0.9343629343629344	0.9343629343629344	region(Australia != Africa, dom=0.93)
amdang	Amdang	Africa	Fur	Nilo-Saharan	123	Bete	11	Niger-Congo	0.8181818181818182	Niger-Congo	0.9090909090909091	Africa	1	1.8181818181818181	category(Nilo-Saharan != Niger-Congo, dom=0.91)
anindilyakwa	Anindilyakwa	Australia	Australian Aboriginal	Australian Aboriginal	3	Italian	116	Central Italian	0.08620689655172414	Romance	0.8362068965517241	Europe	0.853448275862069	0.853448275862069	region(Australia != Europe, dom=0.85)
aringa	Aringa	Africa	Nilo-Saharan	Nilo-Saharan	118	Mandinka	20	Niger-Congo	0.8	Niger-Congo	0.9	Africa	1	1.8	category(Nilo-Saharan != Niger-Congo, dom=0.90)
asoa	Asoa	Africa	Nilo-Saharan	Nilo-Saharan	150	Xhosa	27	Niger-Congo	0.8148148148148148	Niger-Congo	0.8888888888888888	Africa	1	1.7777777777777777	category(Nilo-Saharan != Niger-Congo, dom=0.89)
baka	Baka	Africa	Nilo-Saharan	Nilo-Saharan	149	Zulu	47	Niger-Congo	0.7659574468085106	Niger-Congo	0.8723404255319149	Africa	0.9148936170212766	1.7446808510638299	category(Nilo-Saharan != Niger-Congo, dom=0.87)
bardi	Bardi	Australia	Australian Aboriginal	Australian Aboriginal	3	Italian	116	Central Italian	0.08620689655172414	Romance	0.8362068965517241	Europe	0.853448275862069	0.853448275862069	region(Australia != Europe, dom=0.85)
bata-language	Bata language	Africa	Chadic	Afroasiatic	155	Chichewa	36	Niger-Congo	0.8611111111111112	Niger-Congo	0.8888888888888888	Africa	1	4.361111111111111	family(Chadic != Niger-Congo, dom=0.86); category(Afroasiatic != Niger-Congo, dom=0.89)
beli	Beli	Africa	Nilo-Saharan	Nilo-Saharan	150	Xhosa	27	Niger-Congo	0.8148148148148148	Niger-Congo	0.8888888888888888	Africa	1	1.7777777777777777	category(Nilo-Saharan != Niger-Congo, dom=0.89)
beli	Beli	Africa	Nilo-Saharan	Nilo-Saharan	155	Chichewa	36	Niger-Congo	0.8611111111111112	Niger-Congo	0.8888888888888888	Africa	1	4.361111111111111	family(Nilo-Saharan != Niger-Congo, dom=0.86); category(Nilo-Saharan != Niger-Congo, dom=0.89)
bomboma	Bomboma	Africa	Niger-Congo	Niger-Congo	17	Berber	81	Berber	0.3950617283950617	Afroasiatic	0.9382716049382716	Africa	0.4691358024691358	1.876543209876543	category(Niger-Congo != Afroasiatic, dom=0.94)
bomboma	Bomboma	Africa	Niger-Congo	Niger-Congo	141	Hadiyya	17	Berber	0.23529411764705882	Afroasiatic	0.8823529411764706	Africa	0.5294117647058824	1.7647058823529411	category(Niger-Congo != Afroasiatic, dom=0.88)
bul	Bulgarian	Europe	Eastern South Slavic	Slavic	372	Bulgarian	21	South Dravidian	0.5714285714285714	Dravidian	0.8571428571428571	Asia	0.8571428571428571	2.571428571428571	category(Slavic != Dravidian, dom=0.86); region(Europe != Asia, dom=0.86)
bundjalung	Bundjalung	Australia	Australian Aboriginal	Australian Aboriginal	3	Italian	116	Central Italian	0.08620689655172414	Romance	0.8362068965517241	Europe	0.853448275862069	0.853448275862069	region(Australia != Europe, dom=0.85)
daza	Daza	Africa	Saharan	Nilo-Saharan	150	Xhosa	27	Niger-Congo	0.8148148148148148	Niger-Congo	0.8888888888888888	Africa	1	1.7777777777777777	category(Nilo-Saharan != Niger-Congo, dom=0.89)
dendi	Dendi	Africa	Nilo-Saharan	Nilo-Saharan	17	Berber	81	Berber	0.3950617283950617	Afroasiatic	0.9382716049382716	Africa	0.4691358024691358	1.876543209876543	category(Nilo-Saharan != Afroasiatic, dom=0.94)
dendi	Dendi	Africa	Nilo-Saharan	Nilo-Saharan	141	Hadiyya	17	Berber	0.23529411764705882	Afroasiatic	0.8823529411764706	Africa	0.5294117647058824	1.7647058823529411	category(Nilo-Saharan != Afroasiatic, dom=0.88)
dhuwal	Dhuwal	Australia	Australian Aboriginal	Australian Aboriginal	3	Italian	116	Central Italian	0.08620689655172414	Romance	0.8362068965517241	Europe	0.853448275862069	0.853448275862069	region(Australia != Europe, dom=0.85)
dinka	Dinka	Africa	Nilotic	Nilo-Saharan	155	Chichewa	36	Niger-Congo	0.8611111111111112	Niger-Congo	0.8888888888888888	Africa	1	4.361111111111111	family(Nilotic != Niger-Congo, dom=0.86); category(Nilo-Saharan != Niger-Congo, dom=0.89)
djaru	Djaru	Australia	Australian Aboriginal	Australian Aboriginal	3	Italian	116	Central Italian	0.08620689655172414	Romance	0.8362068965517241	Europe	0.853448275862069	0.853448275862069	region(Australia != Europe, dom=0.85)
djinang	Djinang	Australia	Australian Aboriginal	Australian Aboriginal	3	Italian	116	Central Italian	0.08620689655172414	Romance	0.8362068965517241	Europe	0.853448275862069	0.853448275862069	region(Australia != Europe, dom=0.85)
dongo	Dongo	Africa	Nilo-Saharan	Nilo-Saharan	147	Kinyarwanda	26	Niger-Congo	0.8076923076923077	Niger-Congo	0.8846153846153846	Africa	0.9615384615384616	1.7692307692307692	category(Nilo-Saharan != Niger-Congo, dom=0.88)
fongoro	Fongoro	Africa	Nilo-Saharan	Nilo-Saharan	149	Zulu	47	Niger-Congo	0.7659574468085106	Niger-Congo	0.8723404255319149	Africa	0.9148936170212766	1.7446808510638299	category(Nilo-Saharan != Niger-Congo, dom=0.87)
fur	Fur	Africa	Nilo-Saharan	Nilo-Saharan	147	Kinyarwanda	26	Niger-Congo	0.8076923076923077	Niger-Congo	0.8846153846153846	Africa	0.9615384615384616	1.7692307692307692	category(Nilo-Saharan != Niger-Congo, dom=0.88)
fut	Fut	Africa	Grassfields Bantoid	Niger-Congo	121	Ga	15	Niger-Congo	0.8666666666666667	Niger-Congo	1	Africa	1	2.6	family(Grassfields Bantoid != Niger-Congo, dom=0.87)
githabul	Githabul	Australia	Australian Aboriginal	Australian Aboriginal	3	Italian	116	Central Italian	0.08620689655172414	Romance	0.8362068965517241	Europe	0.853448275862069	0.853448275862069	region(Australia != Europe, dom=0.85)
wajarri	Wajarri	Australia	Australian Aboriginal	Australian Aboriginal	3	Italian	116	Central Italian	0.08620689655172414	Romance	0.8362068965517241	Europe	0.853448275862069	0.853448275862069	region(Australia != Europe, dom=0.85)
warlpiri	Warlpiri	Australia	Australian Aboriginal	Australian Aboriginal	132	Hausa	259	Chadic	0.8223938223938224	Afroasiatic	0.8494208494208494	Africa	0.9343629343629344	0.9343629343629344	region(Australia != Africa, dom=0.93)
warumungu	Warumungu	Australia	Australian Aboriginal	Australian Aboriginal	132	Hausa	259	Chadic	0.8223938223938224	Afroasiatic	0.8494208494208494	Africa	0.9343629343629344	0.9343629343629344	region(Australia != Africa, dom=0.93)
gvj	Guajá	South America	Tupian	Tupian	8	Roman	78	Daco-Romanian	0.10256410256410256	Romance	0.7948717948717948	Europe	0.8589743589743589	0.8589743589743589	region(South America != Europe, dom=0.86)
urb	Ka'apor	South America	Tupian	Tupian	8	Roman	78	Daco-Romanian	0.10256410256410256	Romance	0.7948717948717948	Europe	0.8589743589743589	0.8589743589743589	region(South America != Europe, dom=0.86)
kanak	Kanak	Pacific	Kanak languages	Austronesian	371	New Caledonia	37	Binanderean	0.10810810810810811	Papuan	0.972972972972973	Pacific	1	1.945945945945946	category(Austronesian != Papuan, dom=0.97)
american-finnish	American Finnish	North America	Finnish	Uralic	9	Finnic	173	Western Dialects	0.1329479768786127	Uralic	0.976878612716763	Eurasia	0.9826589595375722	0.9826589595375722	region(North America != Eurasia, dom=0.98)
american-finnish	American Finnish	North America	Finnish	Uralic	274	Northern Sami	104	Western Dialects	0.11538461538461539	Uralic	0.9807692307692307	Eurasia	0.9807692307692307	0.9807692307692307	region(North America != Eurasia, dom=0.98)
american-finnish	American Finnish	North America	Finnish	Uralic	283	Udmurt	125	Western Dialects	0.136	Uralic	1	Eurasia	0.984	0.984	region(North America != Eurasia, dom=0.98)
american-finnish	American Finnish	North America	Finnish	Uralic	320	Mari	96	Western Dialects	0.10416666666666667	Uralic	0.9895833333333334	Eurasia	0.9895833333333334	0.9895833333333334	region(North America != Eurasia, dom=0.99)
andaman-creole-hindi	Andaman Creole Hindi	Misc	Hindi-based	Creole	183	Hindi	94	Indo-Aryan	0.2872340425531915	Indo-Aryan	0.8297872340425532	Asia	0.9468085106382979	0.9468085106382979	region(Misc != Asia, dom=0.95)
bamboo-english	Bamboo English	Misc	Pidgin	Pidgin	25	Hawaiian	85	Kainantu–Goroka	0.2	Papuan	0.8352941176470589	Pacific	0.8705882352941177	0.8705882352941177	region(Misc != Pacific, dom=0.87)
bamboo-english	Bamboo English	Misc	Pidgin	Pidgin	309	Pacific English Creole	7	English-based	0.8571428571428571	Pidgin	0.8571428571428571	Misc	0.8571428571428571	2.571428571428571	family(Pidgin != English-based, dom=0.86)
barikanchi-pidgin	Barikanchi Pidgin	Misc	Pidgin	Pidgin	112	Yoruba	78	Niger-Congo	0.6025641025641025	Niger-Congo	0.6410256410256411	Africa	0.8717948717948718	0.8717948717948718	region(Misc != Africa, dom=0.87)
barikanchi-pidgin	Barikanchi Pidgin	Misc	Pidgin	Pidgin	132	Hausa	259	Chadic	0.8223938223938224	Afroasiatic	0.8494208494208494	Africa	0.9343629343629344	0.9343629343629344	region(Misc != Africa, dom=0.93)
barikanchi-pidgin	Barikanchi Pidgin	Misc	Pidgin	Pidgin	277	Zarma	44	Niger-Congo	0.6136363636363636	Niger-Congo	0.6363636363636364	Africa	0.9545454545454546	0.9545454545454546	region(Misc != Africa, dom=0.95)
brazilian-portuguese	Brazilian Portuguese	South America	Portuguese	Romance	233	Sardinian	72	Daco-Romanian	0.1111111111111111	Romance	1	Europe	0.9583333333333334	0.9583333333333334	region(South America != Europe, dom=0.96)
broken-oghibbeway	Broken Oghibbeway	Misc	Pidgin	Pidgin	186	Cree	20	Yuman	0.3	Yuman	0.35	North America	0.9	0.9	region(Misc != North America, dom=0.90)
broome-pearling-lugger-pidgin	Broome Pearling Lugger Pidgin	Misc	Pidgin	Pidgin	194	Indonesian	134	Formosan	0.21641791044776118	Papuan	0.5970149253731343	Pacific	0.917910447761194	0.917910447761194	region(Misc != Pacific, dom=0.92)
butler-english	Butler English	Misc	English-based	Pidgin	183	Hindi	94	Indo-Aryan	0.2872340425531915	Indo-Aryan	0.8297872340425532	Asia	0.9468085106382979	0.9468085106382979	region(Misc != Asia, dom=0.95)
butler-english	Butler English	Misc	English-based	Pidgin	203	Urdu	37	Indo-Aryan	0.43243243243243246	Indo-Aryan	0.918918918918919	Asia	0.972972972972973	2.810810810810811	category(Pidgin != Indo-Aryan, dom=0.92); region(Misc != Asia, dom=0.97)
kru-pidgin-english	Kru Pidgin English	Misc	English-based	Pidgin	112	Yoruba	78	Niger-Congo	0.6025641025641025	Niger-Congo	0.6410256410256411	Africa	0.8717948717948718	0.8717948717948718	region(Misc != Africa, dom=0.87)
liberian-interior-pidgin-english	Liberian Interior Pidgin English	Misc	English-based	Pidgin	113	Igbo	58	Niger-Congo	0.6724137931034483	Niger-Congo	0.7068965517241379	Africa	0.9310344827586207	0.9310344827586207	region(Misc != Africa, dom=0.93)
port-jackson-pidgin-english	Port Jackson Pidgin English	Misc	English-based	Pidgin	197	Samoan	62	Austronesian	0.25806451612903225	Papuan	0.532258064516129	Pacific	0.9516129032258065	0.9516129032258065	region(Misc != Pacific, dom=0.95)
thai-pidgin-english	Thai Pidgin English	Misc	English-based	Pidgin	251	Thai	89	Tai-Kadai	0.5280898876404494	Tai-Kadai	0.6853932584269663	Asia	0.9325842696629213	0.9325842696629213	region(Misc != Asia, dom=0.93)
tarifit	Tarifit	North Africa	Berber	Afroasiatic	112	Yoruba	78	Niger-Congo	0.6025641025641025	Niger-Congo	0.6410256410256411	Africa	0.8717948717948718	0.8717948717948718	region(North Africa != Africa, dom=0.87)
tarifit	Tarifit	North Africa	Berber	Afroasiatic	147	Kinyarwanda	26	Niger-Congo	0.8076923076923077	Niger-Congo	0.8846153846153846	Africa	0.9615384615384616	2.730769230769231	category(Afroasiatic != Niger-Congo, dom=0.88); region(North Africa != Africa, dom=0.96)
montenegrin	Montenegrin	Europe	Western South Slavic	Slavic	372	Bulgarian	21	South Dravidian	0.5714285714285714	Dravidian	0.8571428571428571	Asia	0.8571428571428571	2.571428571428571	category(Slavic != Dravidian, dom=0.86); region(Europe != Asia, dom=0.86)
hokchiu	Hokchiu	Asia	Min	Sino-Tibetan	68	Min	43	Min	0.27906976744186046	Sino-Tibetan	0.46511627906976744	East Asia	0.9069767441860465	0.9069767441860465	region(Asia != East Asia, dom=0.91)
min	Min	Sino-Tibetan region	Sino-Tibetan	Sino-Tibetan	68	Min	43	Min	0.27906976744186046	Sino-Tibetan	0.46511627906976744	East Asia	0.9069767441860465	0.9069767441860465	region(Sino-Tibetan region != East Asia, dom=0.91)
min	Min	Sino-Tibetan region	Sino-Tibetan	Sino-Tibetan	72	Hui	8	Hmong-Mien	0.25	Hmong-Mien	0.375	East Asia	0.875	0.875	region(Sino-Tibetan region != East Asia, dom=0.88)
proto-min	Proto Min	Sino-Tibetan region	Sino-Tibetan	Sino-Tibetan	68	Min	43	Min	0.27906976744186046	Sino-Tibetan	0.46511627906976744	East Asia	0.9069767441860465	0.9069767441860465	region(Sino-Tibetan region != East Asia, dom=0.91)
tausug	Tausug	Southeast Asia	Austronesian	Austronesian	252	Lao	70	Tai-Kadai	0.6571428571428571	Tai-Kadai	0.8857142857142857	Asia	0.9	2.6714285714285713	category(Austronesian != Tai-Kadai, dom=0.89); region(Southeast Asia != Asia, dom=0.90)
alak-bahnaric	Alak	Asia	Bahnaric	Austroasiatic	132	Hausa	259	Chadic	0.8223938223938224	Afroasiatic	0.8494208494208494	Africa	0.9343629343629344	0.9343629343629344	region(Asia != Africa, dom=0.93)
chrau-bahnaric	Chrau	Asia	Bahnaric	Austroasiatic	132	Hausa	259	Chadic	0.8223938223938224	Afroasiatic	0.8494208494208494	Africa	0.9343629343629344	0.9343629343629344	region(Asia != Africa, dom=0.93)
lavi-bahnaric	Lavi	Asia	Bahnaric	Austroasiatic	132	Hausa	259	Chadic	0.8223938223938224	Afroasiatic	0.8494208494208494	Africa	0.9343629343629344	0.9343629343629344	region(Asia != Africa, dom=0.93)
oi-bahnaric	Oi	Asia	Bahnaric	Austroasiatic	132	Hausa	259	Chadic	0.8223938223938224	Afroasiatic	0.8494208494208494	Africa	0.9343629343629344	0.9343629343629344	region(Asia != Africa, dom=0.93)
su-bahnaric	Su'	Asia	Bahnaric	Austroasiatic	132	Hausa	259	Chadic	0.8223938223938224	Afroasiatic	0.8494208494208494	Africa	0.9343629343629344	0.9343629343629344	region(Asia != Africa, dom=0.93)
thmon-bahnaric	Thmon	Asia	Bahnaric	Austroasiatic	132	Hausa	259	Chadic	0.8223938223938224	Afroasiatic	0.8494208494208494	Africa	0.9343629343629344	0.9343629343629344	region(Asia != Africa, dom=0.93)
wu	Wu	Sino-Tibetan region	Sino-Tibetan	Sino-Tibetan	69	Wu	49	West Hmongic	0.22448979591836735	Hmong-Mien	0.42857142857142855	East Asia	0.9591836734693877	0.9591836734693877	region(Sino-Tibetan region != East Asia, dom=0.96)
ecuadorian-spanish	Ecuadorian Spanish	Europe	Latin American	Romance	15	Hungarian	66	Hungarian	0.18181818181818182	Uralic	0.9696969696969697	Eurasia	0.9545454545454546	2.893939393939394	category(Romance != Uralic, dom=0.97); region(Europe != Eurasia, dom=0.95)
frenchville-french	Frenchville French	North America	US	Romance	279	Corsican	70	Oïl Dialects	0.21428571428571427	Romance	1	Europe	0.9285714285714286	0.9285714285714286	region(North America != Europe, dom=0.93)
m-tis-french	Métis French	North America	Canadian	Romance	279	Corsican	70	Oïl Dialects	0.21428571428571427	Romance	1	Europe	0.9285714285714286	0.9285714285714286	region(North America != Europe, dom=0.93)
transylvanian	Transylvanian	Europe	Daco-Romanian	Romance	15	Hungarian	66	Hungarian	0.18181818181818182	Uralic	0.9696969696969697	Eurasia	0.9545454545454546	2.893939393939394	category(Romance != Uralic, dom=0.97); region(Europe != Eurasia, dom=0.95)
latin-american-spanish	Latin American Spanish	Latin America	Latin American	Romance	173	Guarani	43	Tupian	0.20930232558139536	Tupian	0.20930232558139536	South America	0.8837209302325582	0.8837209302325582	region(Latin America != South America, dom=0.88)
chipilo	Chipilo	North America	Venetian	Romance	3	Italian	116	Central Italian	0.08620689655172414	Romance	0.8362068965517241	Europe	0.853448275862069	0.853448275862069	region(North America != Europe, dom=0.85)
mexican-spanish	Mexican Spanish	North America	Latin American	Romance	173	Guarani	43	Tupian	0.20930232558139536	Tupian	0.20930232558139536	South America	0.8837209302325582	0.8837209302325582	region(North America != South America, dom=0.88)
newfoundland-french	Newfoundland French	North America	Canadian	Romance	279	Corsican	70	Oïl Dialects	0.21428571428571427	Romance	1	Europe	0.9285714285714286	0.9285714285714286	region(North America != Europe, dom=0.93)
quebec-french	Quebec French	North America	Canadian	Romance	279	Corsican	70	Oïl Dialects	0.21428571428571427	Romance	1	Europe	0.9285714285714286	0.9285714285714286	region(North America != Europe, dom=0.93)
tuwat	Tuwat language	North Africa	Berber	Afroasiatic	132	Hausa	259	Chadic	0.8223938223938224	Afroasiatic	0.8494208494208494	Africa	0.9343629343629344	0.9343629343629344	region(North Africa != Africa, dom=0.93)
western-algerian-zenatic-dialects	Western Algerian Zenatic dialects	North Africa	Berber	Afroasiatic	132	Hausa	259	Chadic	0.8223938223938224	Afroasiatic	0.8494208494208494	Africa	0.9343629343629344	0.9343629343629344	region(North Africa != Africa, dom=0.93)
hun	Hungarian	Europe	Hungarian	Uralic	15	Hungarian	66	Hungarian	0.18181818181818182	Uralic	0.9696969696969697	Eurasia	0.9545454545454546	0.9545454545454546	region(Europe != Eurasia, dom=0.95)
vie-hue	Vietnamese Hue	Asia	Vietic	Austroasiatic	132	Hausa	259	Chadic	0.8223938223938224	Afroasiatic	0.8494208494208494	Africa	0.9343629343629344	0.9343629343629344	region(Asia != Africa, dom=0.93)
tuareg-tamasheq	Tuareg Tamasheq	North Africa	Berber	Afroasiatic	144	Gamo-Gofa-Dawro	14	Omotic	0.42857142857142855	Afroasiatic	1	Africa	0.8571428571428571	0.8571428571428571	region(North Africa != Africa, dom=0.86)
ghomara	Ghomara language	North Africa	Berber	Afroasiatic	132	Hausa	259	Chadic	0.8223938223938224	Afroasiatic	0.8494208494208494	Africa	0.9343629343629344	0.9343629343629344	region(North Africa != Africa, dom=0.93)
ugaritic	Ugaritic	Middle East	Other Canaanite	Afroasiatic	112	Yoruba	78	Niger-Congo	0.6025641025641025	Niger-Congo	0.6410256410256411	Africa	0.8717948717948718	0.8717948717948718	region(Middle East != Africa, dom=0.87)
ugaritic	Ugaritic	Middle East	Other Canaanite	Afroasiatic	145	Ganza	20	Niger-Congo	0.4	Niger-Congo	0.4	Africa	0.95	0.95	region(Middle East != Africa, dom=0.95)
coptic	Coptic	North Africa	Egyptian	Afroasiatic	144	Gamo-Gofa-Dawro	14	Omotic	0.42857142857142855	Afroasiatic	1	Africa	0.8571428571428571	0.8571428571428571	region(North Africa != Africa, dom=0.86)
cai-long	Cai Long	Sino-Tibetan region	Sino-Tibetan	Sino-Tibetan	104	Cai-Long	10	Bai	0.9	Sino-Tibetan	1	Sino-Tibetan region	1	2.7	family(Sino-Tibetan != Bai, dom=0.90)
cameroonian-pidgin-english	Cameroonian Pidgin English	Misc	English-based	Pidgin	112	Yoruba	78	Niger-Congo	0.6025641025641025	Niger-Congo	0.6410256410256411	Africa	0.8717948717948718	0.8717948717948718	region(Misc != Africa, dom=0.87)
cameroonian-pidgin-english	Cameroonian Pidgin English	Misc	English-based	Pidgin	146	Lingala	45	Niger-Congo	0.6666666666666666	Niger-Congo	0.7555555555555555	Africa	0.8888888888888888	0.8888888888888888	region(Misc != Africa, dom=0.89)
chenchu	Chenchu	Asia	South-Central Dravidian	Dravidian	254	Kannada	17	South Dravidian	0.9411764705882353	Dravidian	1	Asia	1	2.8235294117647056	family(South-Central Dravidian != South Dravidian, dom=0.94)
cochin-portuguese-creole	Cochin Portuguese Creole	Asia	Portuguese-based	Creole	255	Malayalam	18	South Dravidian	0.9444444444444444	Dravidian	0.9444444444444444	Asia	1	4.722222222222221	family(Portuguese-based != South Dravidian, dom=0.94); category(Creole != Dravidian, dom=0.94)
cocoliche	Cocoliche	Misc	Pidgin	Pidgin	3	Italian	116	Central Italian	0.08620689655172414	Romance	0.8362068965517241	Europe	0.853448275862069	0.853448275862069	region(Misc != Europe, dom=0.85)
cocoliche	Cocoliche	Misc	Pidgin	Pidgin	286	Asturian	29	Astur-Leonese	0.3448275862068966	Romance	0.9655172413793104	Europe	0.7931034482758621	1.9310344827586208	category(Pidgin != Romance, dom=0.97)
dida	Dida	Africa	Kru	Niger-Congo	125	Dida	11	Niger-Congo	0.9090909090909091	Niger-Congo	1	Africa	1	2.727272727272727	family(Kru != Niger-Congo, dom=0.91)
duvle-wano-pidgin	Duvle-Wano Pidgin	Misc	Pidgin	Pidgin	25	Hawaiian	85	Kainantu–Goroka	0.2	Papuan	0.8352941176470589	Pacific	0.8705882352941177	0.8705882352941177	region(Misc != Pacific, dom=0.87)
e	E mixed	Misc	Mixed	Mixed	81	Toto	20	Bodish	0.25	Sino-Tibetan	0.95	Sino-Tibetan region	0.55	1.9	category(Mixed != Sino-Tibetan, dom=0.95)
gan	Gan	Sino-Tibetan region	Sino-Tibetan	Sino-Tibetan	67	Gan	19	Bu–Nao	0.15789473684210525	Hmong-Mien	0.47368421052631576	East Asia	0.9473684210526315	0.9473684210526315	region(Sino-Tibetan region != East Asia, dom=0.95)
l-ngua-geral-amaz-nica	Língua Geral Amazônica	Misc	Mixed	Mixed	173	Guarani	43	Tupian	0.20930232558139536	Tupian	0.20930232558139536	South America	0.8837209302325582	0.8837209302325582	region(Misc != South America, dom=0.88)
l-ngua-geral-paulista	Língua Geral Paulista	Misc	Mixed	Mixed	8	Roman	78	Daco-Romanian	0.10256410256410256	Romance	0.7948717948717948	Europe	0.8589743589743589	0.8589743589743589	region(Misc != Europe, dom=0.86)
l-ngua-geral-paulista	Língua Geral Paulista	Misc	Mixed	Mixed	173	Guarani	43	Tupian	0.20930232558139536	Tupian	0.20930232558139536	South America	0.8837209302325582	0.8837209302325582	region(Misc != South America, dom=0.88)
laiuse-romani	Laiuse Romani	Eurasia	Romani	Indo-Aryan	9	Finnic	173	Western Dialects	0.1329479768786127	Uralic	0.976878612716763	Eurasia	0.9826589595375722	1.953757225433526	category(Indo-Aryan != Uralic, dom=0.98)
lingling	Lingling	East Asia	Mixed	Mixed	66	Mandarin	25	West Hmongic	0.44	Hmong-Mien	0.96	East Asia	1	1.92	category(Mixed != Hmong-Mien, dom=0.96)
madras-bashai	Madras Bashai	Misc	Pidgin	Pidgin	183	Hindi	94	Indo-Aryan	0.2872340425531915	Indo-Aryan	0.8297872340425532	Asia	0.9468085106382979	0.9468085106382979	region(Misc != Asia, dom=0.95)
madras-bashai	Madras Bashai	Misc	Pidgin	Pidgin	199	Tamil	48	South Dravidian	0.5833333333333334	Dravidian	0.7291666666666666	Asia	0.9583333333333334	0.9583333333333334	region(Misc != Asia, dom=0.96)
magoua	Magoua	North America	Canadian	Romance	233	Sardinian	72	Daco-Romanian	0.1111111111111111	Romance	1	Europe	0.9583333333333334	0.9583333333333334	region(North America != Europe, dom=0.96)
manglish	Manglish	Asia	English-based	Creole	309	Pacific English Creole	7	English-based	0.8571428571428571	Pidgin	0.8571428571428571	Misc	0.8571428571428571	2.571428571428571	category(Creole != Pidgin, dom=0.86); region(Asia != Misc, dom=0.86)
maritime-polynesian-pidgin	Maritime Polynesian Pidgin	Misc	Pidgin	Pidgin	25	Hawaiian	85	Kainantu–Goroka	0.2	Papuan	0.8352941176470589	Pacific	0.8705882352941177	0.8705882352941177	region(Misc != Pacific, dom=0.87)
masmaje-language	Masmaje language	Africa	Chadic	Afroasiatic	155	Chichewa	36	Niger-Congo	0.8611111111111112	Niger-Congo	0.8888888888888888	Africa	1	4.361111111111111	family(Chadic != Niger-Congo, dom=0.86); category(Afroasiatic != Niger-Congo, dom=0.89)
massa-chadic	Massa	Africa	Chadic	Afroasiatic	149	Zulu	47	Niger-Congo	0.7659574468085106	Niger-Congo	0.8723404255319149	Africa	0.9148936170212766	1.7446808510638299	category(Afroasiatic != Niger-Congo, dom=0.87)
matawai	Matawai	South America	English-based	Creole	113	Igbo	58	Niger-Congo	0.6724137931034483	Niger-Congo	0.7068965517241379	Africa	0.9310344827586207	0.9310344827586207	region(South America != Africa, dom=0.93)
matawai	Matawai	South America	English-based	Creole	120	Ewe	36	Niger-Congo	0.4722222222222222	Niger-Congo	0.5	Africa	0.9166666666666666	0.9166666666666666	region(South America != Africa, dom=0.92)
mediterranean-lingua-franca	Mediterranean Lingua Franca	Misc	Pidgin	Pidgin	3	Italian	116	Central Italian	0.08620689655172414	Romance	0.8362068965517241	Europe	0.853448275862069	0.853448275862069	region(Misc != Europe, dom=0.85)
mekeo-pidgins	Mekeo pidgins	Misc	Pidgin	Pidgin	25	Hawaiian	85	Kainantu–Goroka	0.2	Papuan	0.8352941176470589	Pacific	0.8705882352941177	0.8705882352941177	region(Misc != Pacific, dom=0.87)
melanesian-pidgin	Melanesian Pidgin	Pacific	English-based	Creole	263	Tok Pisin	217	Kainantu–Goroka	0.15668202764976957	Papuan	0.967741935483871	Pacific	0.9953917050691244	1.935483870967742	category(Creole != Papuan, dom=0.97)
melanesian-pidgin	Melanesian Pidgin	Pacific	English-based	Creole	360	Papuan	110	Southeast Papuan	0.2	Papuan	0.9272727272727272	Pacific	0.9727272727272728	1.8545454545454545	category(Creole != Papuan, dom=0.93)
micronesian-pidgin-english	Micronesian Pidgin English	Misc	English-based	Pidgin	198	Fijian	95	Austronesian	0.2	Papuan	0.6421052631578947	Pacific	0.9578947368421052	0.9578947368421052	region(Misc != Pacific, dom=0.96)
mineiro	Mineiro	South America	Portuguese	Romance	233	Sardinian	72	Daco-Romanian	0.1111111111111111	Romance	1	Europe	0.9583333333333334	0.9583333333333334	region(South America != Europe, dom=0.96)
nauru-pidgin-english	Nauru Pidgin English	Misc	English-based	Pidgin	198	Fijian	95	Austronesian	0.2	Papuan	0.6421052631578947	Pacific	0.9578947368421052	0.9578947368421052	region(Misc != Pacific, dom=0.96)
nauru-pidgin-english	Nauru Pidgin English	Misc	English-based	Pidgin	370	Central Pacific	52	Polynesian	0.21153846153846154	Papuan	0.5	Pacific	0.8846153846153846	0.8846153846153846	region(Misc != Pacific, dom=0.88)
ndyuka	Ndyuka	South America	English-based	Creole	120	Ewe	36	Niger-Congo	0.4722222222222222	Niger-Congo	0.5	Africa	0.9166666666666666	0.9166666666666666	region(South America != Africa, dom=0.92)
ndyuka-tiriy-pidgin	Ndyuka-Tiriyó Pidgin	Misc	Pidgin	Pidgin	112	Yoruba	78	Niger-Congo	0.6025641025641025	Niger-Congo	0.6410256410256411	Africa	0.8717948717948718	0.8717948717948718	region(Misc != Africa, dom=0.87)
ndyuka-tiriy-pidgin	Ndyuka-Tiriyó Pidgin	Misc	Pidgin	Pidgin	113	Igbo	58	Niger-Congo	0.6724137931034483	Niger-Congo	0.7068965517241379	Africa	0.9310344827586207	0.9310344827586207	region(Misc != Africa, dom=0.93)
ndyuka-tiriy-pidgin	Ndyuka-Tiriyó Pidgin	Misc	Pidgin	Pidgin	173	Guarani	43	Tupian	0.20930232558139536	Tupian	0.20930232558139536	South America	0.8837209302325582	0.8837209302325582	region(Misc != South America, dom=0.88)
palenquero	Palenquero	Misc	Spanish-based	Creole	153	Kongo	41	Niger-Congo	0.7073170731707317	Niger-Congo	0.8048780487804879	Africa	0.9512195121951219	0.9512195121951219	region(Misc != Africa, dom=0.95)
papua-new-guinea-pidgin	Papua New Guinea Pidgin	Misc	English-based	Pidgin	263	Tok Pisin	217	Kainantu–Goroka	0.15668202764976957	Papuan	0.967741935483871	Pacific	0.9953917050691244	2.9308755760368665	category(Pidgin != Papuan, dom=0.97); region(Misc != Pacific, dom=1.00)
papua-new-guinea-pidgin	Papua New Guinea Pidgin	Misc	English-based	Pidgin	370	Central Pacific	52	Polynesian	0.21153846153846154	Papuan	0.5	Pacific	0.8846153846153846	0.8846153846153846	region(Misc != Pacific, dom=0.88)
papuan-malay	Papuan Malay	Asia	Malay-based	Creole	454	Papuan Malay	19	Southeast Papuan	0.5263157894736842	Papuan	0.9473684210526315	Pacific	0.9473684210526315	2.8421052631578947	category(Creole != Papuan, dom=0.95); region(Asia != Pacific, dom=0.95)
papuan-pidgin-english	Papuan Pidgin English	Misc	English-based	Pidgin	360	Papuan	110	Southeast Papuan	0.2	Papuan	0.9272727272727272	Pacific	0.9727272727272728	2.827272727272727	category(Pidgin != Papuan, dom=0.93); region(Misc != Pacific, dom=0.97)
papuan-pidgin-english	Papuan Pidgin English	Misc	English-based	Pidgin	368	Melanesian Vanuatu	49	Kainantu–Goroka	0.16326530612244897	Papuan	0.9183673469387755	Pacific	0.9591836734693877	2.795918367346939	category(Pidgin != Papuan, dom=0.92); region(Misc != Pacific, dom=0.96)
pidgin-hawaiian	Pidgin Hawaiian	Misc	Pidgin	Pidgin	25	Hawaiian	85	Kainantu–Goroka	0.2	Papuan	0.8352941176470589	Pacific	0.8705882352941177	0.8705882352941177	region(Misc != Pacific, dom=0.87)
pidgin-iha	Pidgin Iha	Misc	Pidgin	Pidgin	25	Hawaiian	85	Kainantu–Goroka	0.2	Papuan	0.8352941176470589	Pacific	0.8705882352941177	0.8705882352941177	region(Misc != Pacific, dom=0.87)
pidgin-ngarluma	Pidgin Ngarluma	Misc	Pidgin	Pidgin	25	Hawaiian	85	Kainantu–Goroka	0.2	Papuan	0.8352941176470589	Pacific	0.8705882352941177	0.8705882352941177	region(Misc != Pacific, dom=0.87)
pidgin-onin	Pidgin Onin	Misc	Pidgin	Pidgin	25	Hawaiian	85	Kainantu–Goroka	0.2	Papuan	0.8352941176470589	Pacific	0.8705882352941177	0.8705882352941177	region(Misc != Pacific, dom=0.87)
pidgin-wolof	Pidgin Wolof	Misc	Pidgin	Pidgin	115	Wolof	19	Niger-Congo	0.42105263157894735	Niger-Congo	0.5789473684210527	Africa	0.9473684210526315	0.9473684210526315	region(Misc != Africa, dom=0.95)
pretoria-sotho	Pretoria Sotho	Misc	Sotho-Tswana-based	Creole	148	Shona	35	Niger-Congo	0.7714285714285715	Niger-Congo	0.8285714285714286	Africa	0.9428571428571428	0.9428571428571428	region(Misc != Africa, dom=0.94)
pretoria-sotho	Pretoria Sotho	Misc	Sotho-Tswana-based	Creole	149	Zulu	47	Niger-Congo	0.7659574468085106	Niger-Congo	0.8723404255319149	Africa	0.9148936170212766	2.6595744680851063	category(Creole != Niger-Congo, dom=0.87); region(Misc != Africa, dom=0.91)
pretoria-sotho	Pretoria Sotho	Misc	Sotho-Tswana-based	Creole	151	Sesotho	53	Niger-Congo	0.9056603773584906	Niger-Congo	0.9433962264150944	Africa	0.9433962264150944	5.547169811320755	family(Sotho-Tswana-based != Niger-Congo, dom=0.91); category(Creole != Niger-Congo, dom=0.94); region(Misc != Africa, dom=0.94)
pretoria-sotho	Pretoria Sotho	Misc	Sotho-Tswana-based	Creole	152	Tswana	54	Niger-Congo	0.7777777777777778	Niger-Congo	0.7962962962962963	Africa	0.9444444444444444	0.9444444444444444	region(Misc != Africa, dom=0.94)
koryo-mar	Koryo-mar	Eurasia	Koreanic	Koreanic	9	Finnic	173	Western Dialects	0.1329479768786127	Uralic	0.976878612716763	Eurasia	0.9826589595375722	1.953757225433526	category(Koreanic != Uralic, dom=0.98)
koryo-mar	Koryo-mar	Eurasia	Koreanic	Koreanic	274	Northern Sami	104	Western Dialects	0.11538461538461539	Uralic	0.9807692307692307	Eurasia	0.9807692307692307	1.9615384615384615	category(Koreanic != Uralic, dom=0.98)
uralic-yukaghir	Uralic-Yukaghir	Eurasia	Proposed Groupings	Hypothetical	9	Finnic	173	Western Dialects	0.1329479768786127	Uralic	0.976878612716763	Eurasia	0.9826589595375722	1.953757225433526	category(Hypothetical != Uralic, dom=0.98)
uralic-yukaghir	Uralic-Yukaghir	Eurasia	Proposed Groupings	Hypothetical	274	Northern Sami	104	Western Dialects	0.11538461538461539	Uralic	0.9807692307692307	Eurasia	0.9807692307692307	1.9615384615384615	category(Hypothetical != Uralic, dom=0.98)
uralic-yukaghir	Uralic-Yukaghir	Eurasia	Proposed Groupings	Hypothetical	320	Mari	96	Western Dialects	0.10416666666666667	Uralic	0.9895833333333334	Eurasia	0.9895833333333334	1.9791666666666667	category(Hypothetical != Uralic, dom=0.99)
queensland-kanaka-english	Queensland Kanaka English	Misc	English-based	Pidgin	198	Fijian	95	Austronesian	0.2	Papuan	0.6421052631578947	Pacific	0.9578947368421052	0.9578947368421052	region(Misc != Pacific, dom=0.96)
queensland-kanaka-english	Queensland Kanaka English	Misc	English-based	Pidgin	360	Papuan	110	Southeast Papuan	0.2	Papuan	0.9272727272727272	Pacific	0.9727272727272728	2.827272727272727	category(Pidgin != Papuan, dom=0.93); region(Misc != Pacific, dom=0.97)
samoan-plantation-pidgin	Samoan Plantation Pidgin	Misc	English-based	Pidgin	197	Samoan	62	Austronesian	0.25806451612903225	Papuan	0.532258064516129	Pacific	0.9516129032258065	0.9516129032258065	region(Misc != Pacific, dom=0.95)
samoan-plantation-pidgin	Samoan Plantation Pidgin	Misc	English-based	Pidgin	370	Central Pacific	52	Polynesian	0.21153846153846154	Papuan	0.5	Pacific	0.8846153846153846	0.8846153846153846	region(Misc != Pacific, dom=0.88)
santiago-creole	Santiago Creole	Upper Guinea	Portuguese-based	Creole	308	Caribbean English Creole	20	English-based	0.95	Creole	1	Caribbean	0.95	3.8	family(Portuguese-based != English-based, dom=0.95); region(Upper Guinea != Caribbean, dom=0.95)
saramaccan	Saramaccan	South America	English-based	Creole	112	Yoruba	78	Niger-Congo	0.6025641025641025	Niger-Congo	0.6410256410256411	Africa	0.8717948717948718	0.8717948717948718	region(South America != Africa, dom=0.87)
simplified-italian-of-libya	Simplified Italian of Libya	Misc	Pidgin	Pidgin	3	Italian	116	Central Italian	0.08620689655172414	Romance	0.8362068965517241	Europe	0.853448275862069	0.853448275862069	region(Misc != Europe, dom=0.85)
simplified-italian-of-libya	Simplified Italian of Libya	Misc	Pidgin	Pidgin	17	Berber	81	Berber	0.3950617283950617	Afroasiatic	0.9382716049382716	Africa	0.4691358024691358	1.876543209876543	category(Pidgin != Afroasiatic, dom=0.94)
simplified-italian-of-somalia	Simplified Italian of Somalia	Misc	Pidgin	Pidgin	3	Italian	116	Central Italian	0.08620689655172414	Romance	0.8362068965517241	Europe	0.853448275862069	0.853448275862069	region(Misc != Europe, dom=0.85)
solomon-islands-pijin	Solomon Islands Pijin	Misc	English-based	Pidgin	197	Samoan	62	Austronesian	0.25806451612903225	Papuan	0.532258064516129	Pacific	0.9516129032258065	0.9516129032258065	region(Misc != Pacific, dom=0.95)
solomon-islands-pijin	Solomon Islands Pijin	Misc	English-based	Pidgin	360	Papuan	110	Southeast Papuan	0.2	Papuan	0.9272727272727272	Pacific	0.9727272727272728	2.827272727272727	category(Pidgin != Papuan, dom=0.93); region(Misc != Pacific, dom=0.97)
solomon-islands-pijin	Solomon Islands Pijin	Misc	English-based	Pidgin	368	Melanesian Vanuatu	49	Kainantu–Goroka	0.16326530612244897	Papuan	0.9183673469387755	Pacific	0.9591836734693877	2.795918367346939	category(Pidgin != Papuan, dom=0.92); region(Misc != Pacific, dom=0.96)
tangwang	Tangwang	Misc	Chinese-based	Mixed	47	Tibetan	45	Sino-Tibetan	0.3111111111111111	Sino-Tibetan	0.9111111111111111	Asia	0.4666666666666667	1.8222222222222222	category(Mixed != Sino-Tibetan, dom=0.91)
tangwang	Tangwang	Misc	Chinese-based	Mixed	70	Xiang	18	Min	0.16666666666666666	Sino-Tibetan	0.4444444444444444	East Asia	0.8888888888888888	0.8888888888888888	region(Misc != East Asia, dom=0.89)
torres-strait-creole	Torres Strait Creole	Pacific	English-based	Creole	263	Tok Pisin	217	Kainantu–Goroka	0.15668202764976957	Papuan	0.967741935483871	Pacific	0.9953917050691244	1.935483870967742	category(Creole != Papuan, dom=0.97)
torres-strait-creole	Torres Strait Creole	Pacific	English-based	Creole	312	Harari-Argobba	39	Australian Aboriginal	0.8717948717948718	Australian Aboriginal	0.8717948717948718	Australia	0.8717948717948718	5.230769230769232	family(English-based != Australian Aboriginal, dom=0.87); category(Creole != Australian Aboriginal, dom=0.87); region(Pacific != Australia, dom=0.87)
tsotsitaal	Tsotsitaal	Misc	Tswana-based	Creole	151	Sesotho	53	Niger-Congo	0.9056603773584906	Niger-Congo	0.9433962264150944	Africa	0.9433962264150944	5.547169811320755	family(Tswana-based != Niger-Congo, dom=0.91); category(Creole != Niger-Congo, dom=0.94); region(Misc != Africa, dom=0.94)
tsotsitaal	Tsotsitaal	Misc	Tswana-based	Creole	152	Tswana	54	Niger-Congo	0.7777777777777778	Niger-Congo	0.7962962962962963	Africa	0.9444444444444444	0.9444444444444444	region(Misc != Africa, dom=0.94)
uralo-siberian	Uralo-Siberian	Eurasia	Proposed Groupings	Hypothetical	9	Finnic	173	Western Dialects	0.1329479768786127	Uralic	0.976878612716763	Eurasia	0.9826589595375722	1.953757225433526	category(Hypothetical != Uralic, dom=0.98)
vedda-language	Vedda language	Misc	Sinhala-based	Creole	199	Tamil	48	South Dravidian	0.5833333333333334	Dravidian	0.7291666666666666	Asia	0.9583333333333334	0.9583333333333334	region(Misc != Asia, dom=0.96)
vedda-language	Vedda language	Misc	Sinhala-based	Creole	205	Sinhala	11	Indo-Aryan	0.2727272727272727	Indo-Aryan	0.7272727272727273	Asia	0.9090909090909091	0.9090909090909091	region(Misc != Asia, dom=0.91)
xiang	Xiang	Sino-Tibetan region	Sino-Tibetan	Sino-Tibetan	70	Xiang	18	Min	0.16666666666666666	Sino-Tibetan	0.4444444444444444	East Asia	0.8888888888888888	0.8888888888888888	region(Sino-Tibetan region != East Asia, dom=0.89)
lozi	Lozi	Africa	Bantu	Niger-Congo	151	Sesotho	53	Niger-Congo	0.9056603773584906	Niger-Congo	0.9433962264150944	Africa	0.9433962264150944	2.716981132075472	family(Bantu != Niger-Congo, dom=0.91)
sar	Sar	Africa	Central Sudanic	Nilo-Saharan	118	Mandinka	20	Niger-Congo	0.8	Niger-Congo	0.9	Africa	1	1.8	category(Nilo-Saharan != Niger-Congo, dom=0.90)
sogdian	Sogdian	Central Asia	Iranian	Iranian	212	Persian	22	Iranian	0.6818181818181818	Iranian	0.7727272727272727	Asia	0.9090909090909091	0.9090909090909091	region(Central Asia != Asia, dom=0.91)
tupi	Tupi	South America	Tupian	Tupian	8	Roman	78	Daco-Romanian	0.10256410256410256	Romance	0.7948717948717948	Europe	0.8589743589743589	0.8589743589743589	region(South America != Europe, dom=0.86)
kasiguranin	Kasiguranin	Southeast Asia	Philippine	Austronesian	194	Indonesian	134	Formosan	0.21641791044776118	Papuan	0.5970149253731343	Pacific	0.917910447761194	0.917910447761194	region(Southeast Asia != Pacific, dom=0.92)
gullah	Gullah	North America	English-based	Creole	112	Yoruba	78	Niger-Congo	0.6025641025641025	Niger-Congo	0.6410256410256411	Africa	0.8717948717948718	0.8717948717948718	region(North America != Africa, dom=0.87)
gullah	Gullah	North America	English-based	Creole	114	Fula	17	Niger-Congo	0.5294117647058824	Niger-Congo	0.6470588235294118	Africa	0.9411764705882353	0.9411764705882353	region(North America != Africa, dom=0.94)
guyanese-creole	Guyanese Creole	South America	English-based	Creole	112	Yoruba	78	Niger-Congo	0.6025641025641025	Niger-Congo	0.6410256410256411	Africa	0.8717948717948718	0.8717948717948718	region(South America != Africa, dom=0.87)
guyanese-creole	Guyanese Creole	South America	English-based	Creole	120	Ewe	36	Niger-Congo	0.4722222222222222	Niger-Congo	0.5	Africa	0.9166666666666666	0.9166666666666666	region(South America != Africa, dom=0.92)
haflong-hindi	Haflong Hindi	Misc	Pidgin	Pidgin	183	Hindi	94	Indo-Aryan	0.2872340425531915	Indo-Aryan	0.8297872340425532	Asia	0.9468085106382979	0.9468085106382979	region(Misc != Asia, dom=0.95)
haflong-hindi	Haflong Hindi	Misc	Pidgin	Pidgin	201	Bengali	82	Indo-Aryan	0.15853658536585366	Indo-Aryan	0.7926829268292683	Asia	0.9634146341463414	0.9634146341463414	region(Misc != Asia, dom=0.96)
harari	Harari	Horn of Africa	Harari-Argobba Ethio-Semitic	Afroasiatic	312	Harari-Argobba	39	Australian Aboriginal	0.8717948717948718	Australian Aboriginal	0.8717948717948718	Australia	0.8717948717948718	5.230769230769232	family(Harari-Argobba Ethio-Semitic != Australian Aboriginal, dom=0.87); category(Afroasiatic != Australian Aboriginal, dom=0.87); region(Horn of Africa != Australia, dom=0.87)
harari-east-gurage	Harari-East Gurage	Horn of Africa	Harari-Argobba Ethio-Semitic	Afroasiatic	312	Harari-Argobba	39	Australian Aboriginal	0.8717948717948718	Australian Aboriginal	0.8717948717948718	Australia	0.8717948717948718	5.230769230769232	family(Harari-Argobba Ethio-Semitic != Australian Aboriginal, dom=0.87); category(Afroasiatic != Australian Aboriginal, dom=0.87); region(Horn of Africa != Australia, dom=0.87)
hawaiian-pidgin-english	Hawaiian Pidgin English	Misc	English-based	Pidgin	25	Hawaiian	85	Kainantu–Goroka	0.2	Papuan	0.8352941176470589	Pacific	0.8705882352941177	0.8705882352941177	region(Misc != Pacific, dom=0.87)
hawaiian-pidgin-english	Hawaiian Pidgin English	Misc	English-based	Pidgin	370	Central Pacific	52	Polynesian	0.21153846153846154	Papuan	0.5	Pacific	0.8846153846153846	0.8846153846153846	region(Misc != Pacific, dom=0.88)
hezhou	Hezhou	Misc	Mixed	Mixed	47	Tibetan	45	Sino-Tibetan	0.3111111111111111	Sino-Tibetan	0.9111111111111111	Asia	0.4666666666666667	1.8222222222222222	category(Mixed != Sino-Tibetan, dom=0.91)
hezhou	Hezhou	Misc	Mixed	Mixed	69	Wu	49	West Hmongic	0.22448979591836735	Hmong-Mien	0.42857142857142855	East Asia	0.9591836734693877	0.9591836734693877	region(Misc != East Asia, dom=0.96)
hre	Hre	Asia	Bahnaric	Austroasiatic	181	Santali	8	Munda	0.875	Austroasiatic	1	Asia	1	2.625	family(Bahnaric != Munda, dom=0.88)
international-sign	International Sign	Misc	Pidgin	Pidgin	198	Fijian	95	Austronesian	0.2	Papuan	0.6421052631578947	Pacific	0.9578947368421052	0.9578947368421052	region(Misc != Pacific, dom=0.96)
italian-eritrean	Italian Eritrean	Misc	Pidgin	Pidgin	3	Italian	116	Central Italian	0.08620689655172414	Romance	0.8362068965517241	Europe	0.853448275862069	0.853448275862069	region(Misc != Europe, dom=0.85)
italo-paulista	Italo-Paulista	Misc	Pidgin	Pidgin	3	Italian	116	Central Italian	0.08620689655172414	Romance	0.8362068965517241	Europe	0.853448275862069	0.853448275862069	region(Misc != Europe, dom=0.85)
kiranti	Kiranti	Sino-Tibetan region	Sino-Tibetan	Sino-Tibetan	56	Kiranti	32	Kiranti	0.84375	Sino-Tibetan	0.96875	Asia	0.9375	0.9375	region(Sino-Tibetan region != Asia, dom=0.94)
kwinti	Kwinti	South America	English-based	Creole	112	Yoruba	78	Niger-Congo	0.6025641025641025	Niger-Congo	0.6410256410256411	Africa	0.8717948717948718	0.8717948717948718	region(South America != Africa, dom=0.87)
kwinti	Kwinti	South America	English-based	Creole	113	Igbo	58	Niger-Congo	0.6724137931034483	Niger-Congo	0.7068965517241379	Africa	0.9310344827586207	0.9310344827586207	region(South America != Africa, dom=0.93)
kwoma-manambu-pidgin	Kwoma-Manambu Pidgin	Misc	Pidgin	Pidgin	25	Hawaiian	85	Kainantu–Goroka	0.2	Papuan	0.8352941176470589	Pacific	0.8705882352941177	0.8705882352941177	region(Misc != Pacific, dom=0.87)
kgg	Kusunda	Asia	Kusunda	Kusunda isolate	56	Kiranti	32	Kiranti	0.84375	Sino-Tibetan	0.96875	Asia	0.9375	1.9375	category(Kusunda isolate != Sino-Tibetan, dom=0.97)
waxiang	Waxiang	Misc	Mixed	Mixed	71	Jin	9	Hmong-Mien	0.2222222222222222	Hmong-Mien	0.5555555555555556	East Asia	0.8888888888888888	0.8888888888888888	region(Misc != East Asia, dom=0.89)
wym	Wymysorys	Europe	Germanic	Germanic	234	Romansh	28	Romansh	0.2857142857142857	Romance	0.9642857142857143	Europe	1	1.9285714285714286	category(Germanic != Romance, dom=0.96)
buk	Bukawa	Pacific	Austronesian	Austronesian	520	North New Guinea	20	Southeast Papuan	0.7	Papuan	0.9	Pacific	1	1.8	category(Austronesian != Papuan, dom=0.90)
xvi	Kamviri	Asia	Nuristani	Indo-Iranian	288	Kashmiri	27	Indo-Aryan	0.5555555555555556	Indo-Aryan	0.9259259259259259	Asia	1	1.8518518518518519	category(Indo-Iranian != Indo-Aryan, dom=0.93)
bsh	Kati	Asia	Nuristani	Indo-Iranian	288	Kashmiri	27	Indo-Aryan	0.5555555555555556	Indo-Aryan	0.9259259259259259	Asia	1	1.8518518518518519	category(Indo-Iranian != Indo-Aryan, dom=0.93)
lss	Lasi	Asia	Iranian	Iranian	289	Sindhi	25	Indo-Aryan	0.76	Indo-Aryan	0.96	Asia	1	1.92	category(Iranian != Indo-Aryan, dom=0.96)
pbu	Pashto, Northern	Asia	Iranian	Iranian	202	Punjabi	55	Indo-Aryan	0.509090909090909	Indo-Aryan	0.9818181818181818	Asia	1	1.9636363636363636	category(Iranian != Indo-Aryan, dom=0.98)
ydg	Yadgha	Asia	Iranian	Iranian	203	Urdu	37	Indo-Aryan	0.43243243243243246	Indo-Aryan	0.918918918918919	Asia	0.972972972972973	1.837837837837838	category(Iranian != Indo-Aryan, dom=0.92)
rah	Rabha	Asia	Boro-Garo	Sino-Tibetan	65	Arunachal	7	Sino-Tibetan	0.8571428571428571	Sino-Tibetan	1	Sino-Tibetan region	0.8571428571428571	3.4285714285714284	family(Boro-Garo != Sino-Tibetan, dom=0.86); region(Asia != Sino-Tibetan region, dom=0.86)
dis	Dimasa	Asia	Boro-Garo	Sino-Tibetan	64	Jingpho-Luish	20	Sino-Tibetan	0.6	Sino-Tibetan	1	Sino-Tibetan region	0.95	0.95	region(Asia != Sino-Tibetan region, dom=0.95)
rop	Kriol	Pacific	English-based	Creole	263	Tok Pisin	217	Kainantu–Goroka	0.15668202764976957	Papuan	0.967741935483871	Pacific	0.9953917050691244	1.935483870967742	category(Creole != Papuan, dom=0.97)
rop	Kriol	Pacific	English-based	Creole	312	Harari-Argobba	39	Australian Aboriginal	0.8717948717948718	Australian Aboriginal	0.8717948717948718	Australia	0.8717948717948718	5.230769230769232	family(English-based != Australian Aboriginal, dom=0.87); category(Creole != Australian Aboriginal, dom=0.87); region(Pacific != Australia, dom=0.87)
xxm	Minkin	Australia	Australian Aboriginal	Australian Aboriginal	132	Hausa	259	Chadic	0.8223938223938224	Afroasiatic	0.8494208494208494	Africa	0.9343629343629344	0.9343629343629344	region(Australia != Africa, dom=0.93)
umr	Umbugarla	Australia	Australian Aboriginal	Australian Aboriginal	132	Hausa	259	Chadic	0.8223938223938224	Afroasiatic	0.8494208494208494	Africa	0.9343629343629344	0.9343629343629344	region(Australia != Africa, dom=0.93)
wdj	Wadjiginy	Australia	Australian Aboriginal	Australian Aboriginal	132	Hausa	259	Chadic	0.8223938223938224	Afroasiatic	0.8494208494208494	Africa	0.9343629343629344	0.9343629343629344	region(Australia != Africa, dom=0.93)
noa	Wounaan	Central America	Chocoan	Chocoan	422	Warao Delta	40	Tucanoan	0.225	Language isolate	0.225	South America	0.975	0.975	region(Central America != South America, dom=0.97)
pakistani-english	Pakistani English	Asia	Germanic	Germanic	203	Urdu	37	Indo-Aryan	0.43243243243243246	Indo-Aryan	0.918918918918919	Asia	0.972972972972973	1.837837837837838	category(Germanic != Indo-Aryan, dom=0.92)
