score	kind	iso	name	family	category	lexifier	base	baseName	baseTopFamily	baseTopShare	baseTotal
213.000	base_family_outlier	adnyamathanha	Adnyamathanha	Australian Aboriginal	Australian Aboriginal		132	Hausa	Chadic	0.8223938223938224	259
213.000	base_family_outlier	alak-bahnaric	Alak	Bahnaric	Austroasiatic		132	Hausa	Chadic	0.8223938223938224	259
213.000	base_family_outlier	barikanchi-pidgin	Barikanchi Pidgin	Pidgin	Pidgin	Hausa	132	Hausa	Chadic	0.8223938223938224	259
213.000	base_family_outlier	berta	Berta	Berta	Nilo-Saharan		132	Hausa	Chadic	0.8223938223938224	259
213.000	base_family_outlier	besme	Besme	Niger-Congo	Niger-Congo		132	Hausa	Chadic	0.8223938223938224	259
213.000	base_family_outlier	chrau-bahnaric	Chrau	Bahnaric	Austroasiatic		132	Hausa	Chadic	0.8223938223938224	259
213.000	base_family_outlier	ghomara	Ghomara language	Berber	Afroasiatic		132	Hausa	Chadic	0.8223938223938224	259
213.000	base_family_outlier	kanuri	Kanuri	Saharan	Nilo-Saharan		132	Hausa	Chadic	0.8223938223938224	259
213.000	base_family_outlier	lavi-bahnaric	Lavi	Bahnaric	Austroasiatic		132	Hausa	Chadic	0.8223938223938224	259
213.000	base_family_outlier	mozabite-language	Mozabite language	Zenati Berber	Afroasiatic		132	Hausa	Chadic	0.8223938223938224	259
213.000	base_family_outlier	nafusi-language	Nafusi language	Eastern Berber	Afroasiatic		132	Hausa	Chadic	0.8223938223938224	259
213.000	base_family_outlier	nigerian-pidgin	Nigerian Pidgin	English-based	Creole	English	132	Hausa	Chadic	0.8223938223938224	259
213.000	base_family_outlier	nus	Nuer	Nilotic	Nilo-Saharan		132	Hausa	Chadic	0.8223938223938224	259
213.000	base_family_outlier	oi-bahnaric	Oi	Bahnaric	Austroasiatic		132	Hausa	Chadic	0.8223938223938224	259
213.000	base_family_outlier	saba	Saba	Afroasiatic	Afroasiatic		132	Hausa	Chadic	0.8223938223938224	259
213.000	base_family_outlier	senara	Senara	Niger-Congo	Niger-Congo		132	Hausa	Chadic	0.8223938223938224	259
213.000	base_family_outlier	shabo	Shabo	Language isolate	Language isolate		132	Hausa	Chadic	0.8223938223938224	259
213.000	base_family_outlier	sinyar	Sinyar	Nilo-Saharan	Nilo-Saharan		132	Hausa	Chadic	0.8223938223938224	259
213.000	base_family_outlier	songhoyboro-ciine	Songhoyboro Ciine	Nilo-Saharan	Nilo-Saharan		132	Hausa	Chadic	0.8223938223938224	259
213.000	base_family_outlier	su-bahnaric	Su'	Bahnaric	Austroasiatic		132	Hausa	Chadic	0.8223938223938224	259
213.000	base_family_outlier	sucite	Sucite	Niger-Congo	Niger-Congo		132	Hausa	Chadic	0.8223938223938224	259
213.000	base_family_outlier	sukur	Sukur	Afroasiatic	Afroasiatic		132	Hausa	Chadic	0.8223938223938224	259
213.000	base_family_outlier	supyire	Supyire	Niger-Congo	Niger-Congo		132	Hausa	Chadic	0.8223938223938224	259
213.000	base_family_outlier	surbakhal	Surbakhal	Nilo-Saharan	Nilo-Saharan		132	Hausa	Chadic	0.8223938223938224	259
213.000	base_family_outlier	suwu	Suwu	Niger-Congo	Niger-Congo		132	Hausa	Chadic	0.8223938223938224	259
213.000	base_family_outlier	syer-tenyer	Syer-Tenyer	Niger-Congo	Niger-Congo		132	Hausa	Chadic	0.8223938223938224	259
213.000	base_family_outlier	tadaksahak	Tadaksahak	Nilo-Saharan	Nilo-Saharan		132	Hausa	Chadic	0.8223938223938224	259
213.000	base_family_outlier	teda	Teda	Nilo-Saharan	Nilo-Saharan		132	Hausa	Chadic	0.8223938223938224	259
213.000	base_family_outlier	thmon-bahnaric	Thmon	Bahnaric	Austroasiatic		132	Hausa	Chadic	0.8223938223938224	259
213.000	base_family_outlier	tiv	Tiv	Niger-Congo	Niger-Congo		132	Hausa	Chadic	0.8223938223938224	259
213.000	base_family_outlier	tondi-songway-kiini	Tondi Songway Kiini	Nilo-Saharan	Nilo-Saharan		132	Hausa	Chadic	0.8223938223938224	259
213.000	base_family_outlier	tuwat	Tuwat language	Berber	Afroasiatic		132	Hausa	Chadic	0.8223938223938224	259
213.000	base_family_outlier	tyap	Tyap	Niger-Congo	Niger-Congo		132	Hausa	Chadic	0.8223938223938224	259
213.000	base_family_outlier	umr	Umbugarla	Australian Aboriginal	Australian Aboriginal		132	Hausa	Chadic	0.8223938223938224	259
213.000	base_family_outlier	vie-hue	Vietnamese Hue	Vietic	Austroasiatic		132	Hausa	Chadic	0.8223938223938224	259
213.000	base_family_outlier	warlpiri	Warlpiri	Australian Aboriginal	Australian Aboriginal		132	Hausa	Chadic	0.8223938223938224	259
213.000	base_family_outlier	warumungu	Warumungu	Australian Aboriginal	Australian Aboriginal		132	Hausa	Chadic	0.8223938223938224	259
213.000	base_family_outlier	wdj	Wadjiginy	Australian Aboriginal	Australian Aboriginal		132	Hausa	Chadic	0.8223938223938224	259
213.000	base_family_outlier	werni	Werni	Niger-Congo	Niger-Congo		132	Hausa	Chadic	0.8223938223938224	259
213.000	base_family_outlier	west-african-pidgin-english	West African Pidgin English	English-based	Creole	English	132	Hausa	Chadic	0.8223938223938224	259
213.000	base_family_outlier	western-algerian-zenatic-dialects	Western Algerian Zenatic dialects	Berber	Afroasiatic		132	Hausa	Chadic	0.8223938223938224	259
213.000	base_family_outlier	xxm	Minkin	Australian Aboriginal	Australian Aboriginal		132	Hausa	Chadic	0.8223938223938224	259
213.000	base_family_outlier	yobe	Yobe	Niger-Congo	Niger-Congo		132	Hausa	Chadic	0.8223938223938224	259
213.000	base_family_outlier	yoruba	Yoruba alt code	Yoruboid	Niger-Congo		132	Hausa	Chadic	0.8223938223938224	259
213.000	base_family_outlier	zhire	Zhire	Niger-Congo	Niger-Congo		132	Hausa	Chadic	0.8223938223938224	259
213.000	base_family_outlier	zhoa	Zhoa	Niger-Congo	Niger-Congo		132	Hausa	Chadic	0.8223938223938224	259
56.000	base_family_outlier	bouhin	Bouhin	Hlai	Tai-Kadai		530	Zhuang	Tai-Kadai	0.7466666666666667	75
56.000	base_family_outlier	buyang	Buyang	Kra	Tai-Kadai		530	Zhuang	Tai-Kadai	0.7466666666666667	75
56.000	base_family_outlier	cao-miao	Cao Miao	Kam-Sui	Tai-Kadai		530	Zhuang	Tai-Kadai	0.7466666666666667	75
56.000	base_family_outlier	hezhang-buyi	Hezhang Buyi	Kra	Tai-Kadai		530	Zhuang	Tai-Kadai	0.7466666666666667	75
56.000	base_family_outlier	kam-dong	Kam Dong	Kam-Sui	Tai-Kadai		530	Zhuang	Tai-Kadai	0.7466666666666667	75
56.000	base_family_outlier	macro-zhuang	Macro-Zhuang	Zhuang	Tai-Kadai		530	Zhuang	Tai-Kadai	0.7466666666666667	75
56.000	base_family_outlier	mulao-kra	Mulao Kra	Kra	Tai-Kadai		530	Zhuang	Tai-Kadai	0.7466666666666667	75
56.000	base_family_outlier	proto-hlai	Proto-Hlai	Hlai	Tai-Kadai		530	Zhuang	Tai-Kadai	0.7466666666666667	75
56.000	base_family_outlier	proto-kam-sui	Proto-KamSui	Kam-Sui	Tai-Kadai		530	Zhuang	Tai-Kadai	0.7466666666666667	75
56.000	base_family_outlier	proto-kra	Proto-Kra	Kra	Tai-Kadai		530	Zhuang	Tai-Kadai	0.7466666666666667	75
56.000	base_family_outlier	proto-kra-dai	Proto-KraDai	Kra-Dai	Tai-Kadai		530	Zhuang	Tai-Kadai	0.7466666666666667	75
56.000	base_family_outlier	proto-tai	Proto-Tai	Tai	Tai-Kadai		530	Zhuang	Tai-Kadai	0.7466666666666667	75
56.000	base_family_outlier	pyang-zhuang	Pyang Zhuang	Tai	Tai-Kadai		530	Zhuang	Tai-Kadai	0.7466666666666667	75
56.000	base_family_outlier	qabiao	Qabiao	Kra	Tai-Kadai		530	Zhuang	Tai-Kadai	0.7466666666666667	75
56.000	base_family_outlier	qau	Qau	Kra	Tai-Kadai		530	Zhuang	Tai-Kadai	0.7466666666666667	75
56.000	base_family_outlier	sui-lang	Sui Lang	Kam-Sui	Tai-Kadai		530	Zhuang	Tai-Kadai	0.7466666666666667	75
56.000	base_family_outlier	tai-song	Tai Song	Tai	Tai-Kadai		530	Zhuang	Tai-Kadai	0.7466666666666667	75
56.000	base_family_outlier	tai-yao	Tai Yao	Tai	Tai-Kadai		530	Zhuang	Tai-Kadai	0.7466666666666667	75
56.000	base_family_outlier	vandu	Vandu	Kra	Tai-Kadai		530	Zhuang	Tai-Kadai	0.7466666666666667	75
48.000	base_family_outlier	afade-language	Afade language	Chadic	Afroasiatic		151	Sesotho	Niger-Congo	0.7384615384615385	65
48.000	base_family_outlier	baka	Baka	Nilo-Saharan	Nilo-Saharan		151	Sesotho	Niger-Congo	0.7384615384615385	65
48.000	base_family_outlier	birri	Birri	Nilo-Saharan	Nilo-Saharan		151	Sesotho	Niger-Congo	0.7384615384615385	65
48.000	base_family_outlier	bongo	Bongo	Central Sudanic	Nilo-Saharan		151	Sesotho	Niger-Congo	0.7384615384615385	65
48.000	base_family_outlier	bozal-spanish	Bozal Spanish	Spanish-based	Creole	Spanish	151	Sesotho	Niger-Congo	0.7384615384615385	65
48.000	base_family_outlier	bura-language	Bura language	Chadic	Afroasiatic		151	Sesotho	Niger-Congo	0.7384615384615385	65
48.000	base_family_outlier	daza	Daza	Saharan	Nilo-Saharan		151	Sesotho	Niger-Congo	0.7384615384615385	65
48.000	base_family_outlier	forro-creole	Forro Creole	Portuguese-based	Creole	Portuguese	151	Sesotho	Niger-Congo	0.7384615384615385	65
48.000	base_family_outlier	fur	Fur	Nilo-Saharan	Nilo-Saharan		151	Sesotho	Niger-Congo	0.7384615384615385	65
48.000	base_family_outlier	lozi	Lozi	Bantu	Niger-Congo		151	Sesotho	Niger-Congo	0.7384615384615385	65
48.000	base_family_outlier	nkore	Nkore	Bantu	Niger-Congo		151	Sesotho	Niger-Congo	0.7384615384615385	65
48.000	base_family_outlier	sar	Sar	Central Sudanic	Nilo-Saharan		151	Sesotho	Niger-Congo	0.7384615384615385	65
48.000	base_family_outlier	siri	Siri (Chadic)	Chadic	Afroasiatic		151	Sesotho	Niger-Congo	0.7384615384615385	65
48.000	base_family_outlier	tsotsitaal	Tsotsitaal	Tswana-based	Creole	Tswana	151	Sesotho	Niger-Congo	0.7384615384615385	65
48.000	base_family_outlier	wali-sudan	Wali Sudan	Nilo-Saharan	Nilo-Saharan		151	Sesotho	Niger-Congo	0.7384615384615385	65
48.000	base_family_outlier	yulu	Yulu	Nilo-Saharan	Nilo-Saharan		151	Sesotho	Niger-Congo	0.7384615384615385	65
42.000	base_family_outlier	aringa	Aringa	Nilo-Saharan	Nilo-Saharan		152	Tswana	Niger-Congo	0.7777777777777778	54
42.000	base_family_outlier	bacama-language	Bacama alias	Chadic	Afroasiatic		152	Tswana	Niger-Congo	0.7777777777777778	54
42.000	base_family_outlier	birri	Birri	Nilo-Saharan	Nilo-Saharan		152	Tswana	Niger-Congo	0.7777777777777778	54
42.000	base_family_outlier	buwal-language	Buwal language	Chadic	Afroasiatic		152	Tswana	Niger-Congo	0.7777777777777778	54
42.000	base_family_outlier	furu	Furu	Nilo-Saharan	Nilo-Saharan		152	Tswana	Niger-Congo	0.7777777777777778	54
42.000	base_family_outlier	kiga	Kiga	Bantu	Niger-Congo		152	Tswana	Niger-Congo	0.7777777777777778	54
42.000	base_family_outlier	ngambay	Ngambay	Central Sudanic	Nilo-Saharan		152	Tswana	Niger-Congo	0.7777777777777778	54
42.000	base_family_outlier	pretoria-sotho	Pretoria Sotho	Sotho-Tswana-based	Creole	Sotho-Tswana	152	Tswana	Niger-Congo	0.7777777777777778	54
42.000	base_family_outlier	seychellois-creole	Seychellois Creole	French-based	Creole	French	152	Tswana	Niger-Congo	0.7777777777777778	54
42.000	base_family_outlier	siri	Siri (Chadic)	Chadic	Afroasiatic		152	Tswana	Niger-Congo	0.7777777777777778	54
42.000	base_family_outlier	tsotsitaal	Tsotsitaal	Tswana-based	Creole	Tswana	152	Tswana	Niger-Congo	0.7777777777777778	54
42.000	base_family_outlier	yangere	Yangere	Ubangian	Ubangian		152	Tswana	Niger-Congo	0.7777777777777778	54
36.000	base_family_outlier	baka	Baka	Nilo-Saharan	Nilo-Saharan		149	Zulu	Niger-Congo	0.7659574468085106	47
36.000	base_family_outlier	bemba	Bemba	Bantu	Niger-Congo		149	Zulu	Niger-Congo	0.7659574468085106	47
36.000	base_family_outlier	comorian	Comorian	Bantu	Niger-Congo		149	Zulu	Niger-Congo	0.7659574468085106	47
36.000	base_family_outlier	fanagalo	Fanagalo	Pidgin	Pidgin	Zulu	149	Zulu	Niger-Congo	0.7659574468085106	47
36.000	base_family_outlier	fongoro	Fongoro	Nilo-Saharan	Nilo-Saharan		149	Zulu	Niger-Congo	0.7659574468085106	47
36.000	base_family_outlier	fut	Fut	Grassfields Bantoid	Niger-Congo		149	Zulu	Niger-Congo	0.7659574468085106	47
36.000	base_family_outlier	lozi	Lozi	Bantu	Niger-Congo		149	Zulu	Niger-Congo	0.7659574468085106	47
36.000	base_family_outlier	massa-chadic	Massa	Chadic	Afroasiatic		149	Zulu	Niger-Congo	0.7659574468085106	47
36.000	base_family_outlier	pretoria-sotho	Pretoria Sotho	Sotho-Tswana-based	Creole	Sotho-Tswana	149	Zulu	Niger-Congo	0.7659574468085106	47
36.000	base_family_outlier	seychellois-creole	Seychellois Creole	French-based	Creole	French	149	Zulu	Niger-Congo	0.7659574468085106	47
36.000	base_family_outlier	zulu	Zulu	Bantu	Niger-Congo		149	Zulu	Niger-Congo	0.7659574468085106	47
34.000	base_family_outlier	aboriginal-pidgin-english	Aboriginal Pidgin English	English-based	Pidgin	English	312	Harari-Argobba	Australian Aboriginal	0.8717948717948718	39
34.000	base_family_outlier	harari	Harari	Harari-Argobba Ethio-Semitic	Afroasiatic		312	Harari-Argobba	Australian Aboriginal	0.8717948717948718	39
34.000	base_family_outlier	harari-east-gurage	Harari-East Gurage	Harari-Argobba Ethio-Semitic	Afroasiatic		312	Harari-Argobba	Australian Aboriginal	0.8717948717948718	39
34.000	base_family_outlier	rop	Kriol	English-based	Creole	English	312	Harari-Argobba	Australian Aboriginal	0.8717948717948718	39
34.000	base_family_outlier	torres-strait-creole	Torres Strait Creole	English-based	Creole	English	312	Harari-Argobba	Australian Aboriginal	0.8717948717948718	39
31.000	base_family_outlier	bata-language	Bata language	Chadic	Afroasiatic		155	Chichewa	Niger-Congo	0.8611111111111112	36
31.000	base_family_outlier	beli	Beli	Nilo-Saharan	Nilo-Saharan		155	Chichewa	Niger-Congo	0.8611111111111112	36
31.000	base_family_outlier	dinka	Dinka	Nilotic	Nilo-Saharan		155	Chichewa	Niger-Congo	0.8611111111111112	36
31.000	base_family_outlier	lusoga	Lusoga	Bantu	Niger-Congo		155	Chichewa	Niger-Congo	0.8611111111111112	36
31.000	base_family_outlier	masmaje-language	Masmaje language	Chadic	Afroasiatic		155	Chichewa	Niger-Congo	0.8611111111111112	36
29.000	base_family_outlier	aringa	Aringa	Nilo-Saharan	Nilo-Saharan		153	Kongo	Niger-Congo	0.7073170731707317	41
29.000	base_family_outlier	asoa	Asoa	Nilo-Saharan	Nilo-Saharan		153	Kongo	Niger-Congo	0.7073170731707317	41
29.000	base_family_outlier	avokaya	Avokaya	Nilo-Saharan	Nilo-Saharan		153	Kongo	Niger-Congo	0.7073170731707317	41
29.000	base_family_outlier	baldemu-language	Baldemu language	Chadic	Afroasiatic		153	Kongo	Niger-Congo	0.7073170731707317	41
29.000	base_family_outlier	bembe-congo	Bembe Congo	Bantu	Niger-Congo		153	Kongo	Niger-Congo	0.7073170731707317	41
29.000	base_family_outlier	cibak-language	Cibak language	Chadic	Afroasiatic		153	Kongo	Niger-Congo	0.7073170731707317	41
29.000	base_family_outlier	fut	Fut	Grassfields Bantoid	Niger-Congo		153	Kongo	Niger-Congo	0.7073170731707317	41
29.000	base_family_outlier	kituba	Kituba	Kongo-based	Creole	Kongo	153	Kongo	Niger-Congo	0.7073170731707317	41
29.000	base_family_outlier	kongo	Kongo	Bantu	Niger-Congo		153	Kongo	Niger-Congo	0.7073170731707317	41
29.000	base_family_outlier	lozi	Lozi	Bantu	Niger-Congo		153	Kongo	Niger-Congo	0.7073170731707317	41
29.000	base_family_outlier	palenquero	Palenquero	Spanish-based	Creole	Spanish	153	Kongo	Niger-Congo	0.7073170731707317	41
29.000	base_family_outlier	west-banda	West Banda	Ubangian	Ubangian		153	Kongo	Niger-Congo	0.7073170731707317	41
27.000	base_family_outlier	annobonese-creole	Annobonese Creole	Portuguese-based	Creole	Portuguese	148	Shona	Niger-Congo	0.7714285714285715	35
27.000	base_family_outlier	bozo	Bozo	Mande	Niger-Congo		148	Shona	Niger-Congo	0.7714285714285715	35
27.000	base_family_outlier	dendi	Dendi	Nilo-Saharan	Nilo-Saharan		148	Shona	Niger-Congo	0.7714285714285715	35
27.000	base_family_outlier	dinka	Dinka	Nilotic	Nilo-Saharan		148	Shona	Niger-Congo	0.7714285714285715	35
27.000	base_family_outlier	furu	Furu	Nilo-Saharan	Nilo-Saharan		148	Shona	Niger-Congo	0.7714285714285715	35
27.000	base_family_outlier	gvr	Gurung	Gurungic	Sino-Tibetan		56	Kiranti	Kiranti	0.84375	32
27.000	base_family_outlier	kgg	Kusunda	Kusunda	Kusunda isolate		56	Kiranti	Kiranti	0.84375	32
27.000	base_family_outlier	kiranti	Kiranti	Sino-Tibetan	Sino-Tibetan		56	Kiranti	Kiranti	0.84375	32
27.000	base_family_outlier	mahakiranti	Mahakiranti	Sino-Tibetan	Sino-Tibetan		56	Kiranti	Kiranti	0.84375	32
27.000	base_family_outlier	ola	Walungge	Tibetic	Sino-Tibetan		56	Kiranti	Kiranti	0.84375	32
27.000	base_family_outlier	pretoria-sotho	Pretoria Sotho	Sotho-Tswana-based	Creole	Sotho-Tswana	148	Shona	Niger-Congo	0.7714285714285715	35
27.000	base_family_outlier	shona	Shona	Bantu	Niger-Congo		148	Shona	Niger-Congo	0.7714285714285715	35
27.000	base_family_outlier	yangere	Yangere	Ubangian	Ubangian		148	Shona	Niger-Congo	0.7714285714285715	35
25.000	base_family_outlier	chiang-saen	Chiang Saen	Tai	Tai-Kadai		532	Shan	Tai-Kadai	0.7575757575757576	33
25.000	base_family_outlier	hagei	Hagei	Kra	Tai-Kadai		532	Shan	Tai-Kadai	0.7575757575757576	33
25.000	base_family_outlier	kam-dong	Kam Dong	Kam-Sui	Tai-Kadai		532	Shan	Tai-Kadai	0.7575757575757576	33
25.000	base_family_outlier	lachi	Lachi	Kra	Tai-Kadai		532	Shan	Tai-Kadai	0.7575757575757576	33
25.000	base_family_outlier	mulao-kra	Mulao Kra	Kra	Tai-Kadai		532	Shan	Tai-Kadai	0.7575757575757576	33
25.000	base_family_outlier	proto-kra-dai	Proto-KraDai	Kra-Dai	Tai-Kadai		532	Shan	Tai-Kadai	0.7575757575757576	33
25.000	base_family_outlier	proto-tai	Proto-Tai	Tai	Tai-Kadai		532	Shan	Tai-Kadai	0.7575757575757576	33
25.000	base_family_outlier	vandu	Vandu	Kra	Tai-Kadai		532	Shan	Tai-Kadai	0.7575757575757576	33
24.000	base_family_outlier	adjaran-georgian	Adjaran Georgian	Georgian dialects	Kartvelian		223	Georgian	Northeast Caucasian	0.7058823529411765	34
24.000	base_family_outlier	georgian	Georgian	Kartvelian	Kartvelian		223	Georgian	Northeast Caucasian	0.7058823529411765	34
24.000	base_family_outlier	judaeo-georgian	Judaeo-Georgian	Kartvelian	Kartvelian		223	Georgian	Northeast Caucasian	0.7058823529411765	34
24.000	base_family_outlier	kabardian	Kabardian	Northwest Caucasian	Northwest Caucasian		223	Georgian	Northeast Caucasian	0.7058823529411765	34
24.000	base_family_outlier	laz	Laz	Kartvelian	Kartvelian		223	Georgian	Northeast Caucasian	0.7058823529411765	34
24.000	base_family_outlier	mingrelian	Mingrelian	Kartvelian	Kartvelian		223	Georgian	Northeast Caucasian	0.7058823529411765	34
24.000	base_family_outlier	old-georgian	Old Georgian	Kartvelian	Kartvelian		223	Georgian	Northeast Caucasian	0.7058823529411765	34
24.000	base_family_outlier	proto-georgian-zan	Proto-GeorgianΓÇôZan	Proto-GeorgianΓÇôZan	Kartvelian		223	Georgian	Northeast Caucasian	0.7058823529411765	34
24.000	base_family_outlier	proto-kartvelian	Proto-Kartvelian	Proto-Kartvelian	Kartvelian		223	Georgian	Northeast Caucasian	0.7058823529411765	34
24.000	base_family_outlier	svan	Svan	Kartvelian	Kartvelian		223	Georgian	Northeast Caucasian	0.7058823529411765	34
22.000	base_family_outlier	asoa	Asoa	Nilo-Saharan	Nilo-Saharan		150	Xhosa	Niger-Congo	0.8148148148148148	27
22.000	base_family_outlier	beli	Beli	Nilo-Saharan	Nilo-Saharan		150	Xhosa	Niger-Congo	0.8148148148148148	27
22.000	base_family_outlier	bozo	Bozo	Mande	Niger-Congo		150	Xhosa	Niger-Congo	0.8148148148148148	27
22.000	base_family_outlier	daza	Daza	Saharan	Nilo-Saharan		150	Xhosa	Niger-Congo	0.8148148148148148	27
22.000	base_family_outlier	xhosa	Xhosa	Bantu	Niger-Congo		150	Xhosa	Niger-Congo	0.8148148148148148	27
21.000	base_family_outlier	dongo	Dongo	Nilo-Saharan	Nilo-Saharan		147	Kinyarwanda	Niger-Congo	0.8076923076923077	26
21.000	base_family_outlier	fur	Fur	Nilo-Saharan	Nilo-Saharan		147	Kinyarwanda	Niger-Congo	0.8076923076923077	26
21.000	base_family_outlier	kinyarwanda	Kinyarwanda	Bantu	Niger-Congo		147	Kinyarwanda	Niger-Congo	0.8076923076923077	26
21.000	base_family_outlier	kirundi	Kirundi	Bantu	Niger-Congo		147	Kinyarwanda	Niger-Congo	0.8076923076923077	26
21.000	base_family_outlier	tarifit	Tarifit	Berber	Afroasiatic		147	Kinyarwanda	Niger-Congo	0.8076923076923077	26
19.000	base_family_outlier	lss	Lasi	Iranian	Iranian		289	Sindhi	Indo-Aryan	0.76	25
19.000	base_family_outlier	mtr	Mewari	Rajasthani	Indo-Aryan		289	Sindhi	Indo-Aryan	0.76	25
19.000	base_family_outlier	mvy	Indus Kohistani	Dardic	Indo-Aryan		289	Sindhi	Indo-Aryan	0.76	25
19.000	base_family_outlier	phl	Palula	Dardic	Indo-Aryan		289	Sindhi	Indo-Aryan	0.76	25
19.000	base_family_outlier	rajasthani	Rajasthani	Rajasthani	Indo-Aryan		289	Sindhi	Indo-Aryan	0.76	25
19.000	base_family_outlier	santiago-creole	Santiago Creole	Portuguese-based	Creole	Portuguese	308	Caribbean English Creole	English-based	0.95	20
19.000	base_family_outlier	wry	Marwari	Rajasthani	Indo-Aryan		289	Sindhi	Indo-Aryan	0.76	25
17.000	base_family_outlier	boga-language	Boga language	Chadic	Afroasiatic		156	Kikuyu	Niger-Congo	0.7391304347826086	23
17.000	base_family_outlier	bongo	Bongo	Central Sudanic	Nilo-Saharan		156	Kikuyu	Niger-Congo	0.7391304347826086	23
17.000	base_family_outlier	cochin-portuguese-creole	Cochin Portuguese Creole	Portuguese-based	Creole	Portuguese	255	Malayalam	South Dravidian	0.9444444444444444	18
17.000	base_family_outlier	dongo	Dongo	Nilo-Saharan	Nilo-Saharan		156	Kikuyu	Niger-Congo	0.7391304347826086	23
17.000	base_family_outlier	fongoro	Fongoro	Nilo-Saharan	Nilo-Saharan		156	Kikuyu	Niger-Congo	0.7391304347826086	23
17.000	base_family_outlier	ngambay	Ngambay	Central Sudanic	Nilo-Saharan		156	Kikuyu	Niger-Congo	0.7391304347826086	23
17.000	base_family_outlier	sar	Sar	Central Sudanic	Nilo-Saharan		156	Kikuyu	Niger-Congo	0.7391304347826086	23
16.000	base_family_outlier	aringa	Aringa	Nilo-Saharan	Nilo-Saharan		118	Mandinka	Niger-Congo	0.8	20
16.000	base_family_outlier	canadian-french	Canadian French	Canadian	Romance		254	Kannada	South Dravidian	0.8888888888888888	18
16.000	base_family_outlier	chenchu	Chenchu	South-Central Dravidian	Dravidian		254	Kannada	South Dravidian	0.8888888888888888	18
16.000	base_family_outlier	manding	Manding	Mande	Niger-Congo		118	Mandinka	Niger-Congo	0.8	20
16.000	base_family_outlier	mandinka	Mandinka	Mande	Niger-Congo		118	Mandinka	Niger-Congo	0.8	20
16.000	base_family_outlier	sar	Sar	Central Sudanic	Nilo-Saharan		118	Mandinka	Niger-Congo	0.8	20
15.000	base_family_outlier	maori	M─üori	Polynesian	Austronesian		196	Maori	Austronesian	0.7142857142857143	21
15.000	base_family_outlier	maori-ascii	Maori	Polynesian	Polynesian		196	Maori	Austronesian	0.7142857142857143	21
15.000	base_family_outlier	new-zealand-pidgin-english	New Zealand Pidgin English	English-based	Pidgin	English	196	Maori	Austronesian	0.7142857142857143	21
15.000	base_family_outlier	pitcairn-norfolk	Pitcairn-Norfolk	English-based	Creole	English	196	Maori	Austronesian	0.7142857142857143	21
15.000	base_family_outlier	piv	Vaeakau-Taumako	Polynesian	Polynesian		196	Maori	Austronesian	0.7142857142857143	21
15.000	base_family_outlier	tiwi	Tiwi	Australian Aboriginal	Australian Aboriginal		196	Maori	Austronesian	0.7142857142857143	21
14.000	base_family_outlier	boazi	Boazi	Anim	Papuan		520	North New Guinea	Southeast Papuan	0.7	20
14.000	base_family_outlier	boazi-lake-murray	Boazi Lake Murray	Anim	Papuan		520	North New Guinea	Southeast Papuan	0.7	20
14.000	base_family_outlier	buk	Bukawa	Austronesian	Austronesian		520	North New Guinea	Southeast Papuan	0.7	20
14.000	base_family_outlier	ipiko	Ipiko	Inland Gulf	Papuan		520	North New Guinea	Southeast Papuan	0.7	20
14.000	base_family_outlier	korafe	Korafe	Binanderean	Papuan		520	North New Guinea	Southeast Papuan	0.7	20
14.000	base_family_outlier	north-new-guinea	North New Guinea	Austronesian	Austronesian		520	North New Guinea	Southeast Papuan	0.7	20
13.000	base_family_outlier	fut	Fut	Grassfields Bantoid	Niger-Congo		121	Ga	Niger-Congo	0.8666666666666667	15
13.000	base_family_outlier	ga	Ga	GaΓÇôDangme	Niger-Congo		121	Ga	Niger-Congo	0.8666666666666667	15
12.000	base_family_outlier	fon	Fon	Gbe	Niger-Congo		122	Fon	Niger-Congo	0.9230769230769231	13
12.000	base_family_outlier	guinea-bissau-creole	Guinea-Bissau Creole	Portuguese-based	Creole	Portuguese	307	West African English Creole	English-based	0.9230769230769231	13
10.000	base_family_outlier	bemba	Bemba	Bantu	Niger-Congo		377	Bemba-Bembe-Fwe	Niger-Congo	0.7142857142857143	14
10.000	base_family_outlier	bembe-congo	Bembe Congo	Bantu	Niger-Congo		377	Bemba-Bembe-Fwe	Niger-Congo	0.7142857142857143	14
10.000	base_family_outlier	bembe-drc	Bembe DRC	Bantu	Niger-Congo		377	Bemba-Bembe-Fwe	Niger-Congo	0.7142857142857143	14
10.000	base_family_outlier	dida	Dida	Kru	Niger-Congo		125	Dida	Niger-Congo	0.9090909090909091	11
10.000	base_family_outlier	fwe	Fwe	Bantu	Niger-Congo		377	Bemba-Bembe-Fwe	Niger-Congo	0.7142857142857143	14
9.000	base_family_outlier	amdang	Amdang	Fur	Nilo-Saharan		123	Bete	Niger-Congo	0.8181818181818182	11
9.000	base_family_outlier	bete	Bete	Kru	Niger-Congo		123	Bete	Niger-Congo	0.8181818181818182	11
9.000	base_family_outlier	cai-long	Cai Long	Sino-Tibetan	Sino-Tibetan		104	Cai-Long	Bai	0.9	10
9.000	base_family_outlier	ckh	Chak	Chak	Sino-Tibetan		62	Kuki-Chin	Kuki-Chin	0.75	12
9.000	base_family_outlier	kuki-chin	Kuki Chin	Sino-Tibetan	Sino-Tibetan		62	Kuki-Chin	Kuki-Chin	0.75	12
9.000	base_family_outlier	kuki-chin-naga	Kuki Chin Naga	Sino-Tibetan	Sino-Tibetan		62	Kuki-Chin	Kuki-Chin	0.75	12
7.000	base_family_outlier	avokaya	Avokaya	Nilo-Saharan	Nilo-Saharan		127	Moore	Niger-Congo	0.7	10
7.000	base_family_outlier	gude-language	Gude language	Chadic	Afroasiatic		127	Moore	Niger-Congo	0.7	10
7.000	base_family_outlier	hre	Hre	Bahnaric	Austroasiatic		181	Santali	Munda	0.875	8
7.000	base_family_outlier	moore	Moore	Gur	Niger-Congo		127	Moore	Niger-Congo	0.7	10
6.000	base_family_outlier	bamboo-english	Bamboo English	Pidgin	Pidgin	English	309	Pacific English Creole	English-based	0.8571428571428571	7
6.000	base_family_outlier	caw	Kallawaya	Mixed language	Mixed language		174	Southern-Quechua	Latin American	0.75	8
6.000	base_family_outlier	pipil	Pipil (Nawat)	Uto-Aztecan	Uto-Aztecan		169	Mazatec	Oto-Manguean	0.75	8
6.000	base_family_outlier	piraha	Pirah├ú	Muran	Amazonian		388	Kwaza-Xoc├│ Amazonian	North Dravidian	0.8571428571428571	7
6.000	base_family_outlier	rah	Rabha	Boro-Garo	Sino-Tibetan		65	Arunachal	Sino-Tibetan	0.8571428571428571	7
6.000	base_family_outlier	southern-quechua	Southern Quechua	Quechuan	Quechuan		174	Southern-Quechua	Latin American	0.75	8
6.000	base_family_outlier	zoq	Tabasco Zoque	Mixe-Zoque	Mixe-Zoque		169	Mazatec	Oto-Manguean	0.75	8
5.000	base_family_outlier	bunun-isbukun	Isbukun Bunun	Formosan	Austronesian		488	Muna-Buton	Austronesian	0.8333333333333334	6
5.000	base_family_outlier	micronesian-pidgin-english	Micronesian Pidgin English	English-based	Pidgin	English	244	Tongan	Polynesian	0.8333333333333334	6
	lexifier_base_mismatch	agalega-creole	Agalega Creole	French-based	Creole	French					
	lexifier_base_mismatch	aluku	Aluku	English-based	Creole	English					
	lexifier_base_mismatch	antillean-creole	Antillean Creole	French-based	Creole	French					
	lexifier_base_mismatch	bahamian-creole	Bahamian Creole	English-based	Creole	English					
	lexifier_base_mismatch	bajan-creole	Bajan Creole	English-based	Creole	English					
	lexifier_base_mismatch	belizean-creole	Belizean Creole	English-based	Creole	English					
	lexifier_base_mismatch	berbice	Berbice	Dutch-based	Creole	Dutch					
	lexifier_base_mismatch	bocas-del-toro-creole	Bocas del Toro Creole	English-based	Creole	English					
	lexifier_base_mismatch	cameroonian-pidgin	Cameroonian Pidgin	English-based	Creole	English					
	lexifier_base_mismatch	ewondo-populaire	Ewondo Populaire	Pidgin	Pidgin	Ewondo					
	lexifier_base_mismatch	fogo-creole	Fogo Creole	Portuguese-based	Creole	Portuguese					
	lexifier_base_mismatch	grenadian-creole-english	Grenadian Creole English	English-based	Creole	English					
	lexifier_base_mismatch	haitian-creole	Haitian Creole	French-based	Creole	French					
	lexifier_base_mismatch	jamaican-creole	Jamaican Creole	Creole	Creole	English					
	lexifier_base_mismatch	jamaican-maroon-creole	Jamaican Maroon Creole	English-based	Creole	English					
	lexifier_base_mismatch	javindo	Javindo	Dutch-based	Creole	Dutch					
	lexifier_base_mismatch	jersey-dutch	Jersey Dutch	Dutch-based	Creole	Dutch					
	lexifier_base_mismatch	leeward-caribbean-creole-english	Leeward Caribbean Creole English	English-based	Creole	English					
	lexifier_base_mismatch	liberian-kreyol	Liberian Kreyol	English-based	Creole	English					
	lexifier_base_mismatch	limonese-creole	Limonese Creole	English-based	Creole	English					
	lexifier_base_mismatch	mauritian-creole	Mauritian Creole	French-based	Creole	French					
	lexifier_base_mismatch	merico	Merico	English-based	Creole	English					
	lexifier_base_mismatch	miskito-coast-creole	Miskito Coast Creole	English-based	Creole	English					
	lexifier_base_mismatch	montserrat-creole	Montserrat Creole	English-based	Creole	English					
	lexifier_base_mismatch	negerhollands	Negerhollands	Dutch-based	Creole	Dutch					
	lexifier_base_mismatch	negro-dutch	Negro Dutch	Dutch-based	Creole	Dutch					
	lexifier_base_mismatch	petjo	Petjo	Dutch-based	Creole	Dutch					
	lexifier_base_mismatch	pichinglis	Pichinglis	English-based	Creole	English					
	lexifier_base_mismatch	pidgin-iha	Pidgin Iha	Pidgin	Pidgin	Iha					
	lexifier_base_mismatch	rama-cay-creole	Rama Cay Creole	English-based	Creole	English					
	lexifier_base_mismatch	saint-kitts-creole	Saint Kitts Creole	English-based	Creole	English					
	lexifier_base_mismatch	san-andres-providencia-creole	San Andr├⌐s-Providencia Creole	English-based	Creole	English					
	lexifier_base_mismatch	skepi-dutch-creole	Skepi Dutch Creole	Dutch-based	Creole	Dutch					
	lexifier_base_mismatch	sranan	Sranan	Creole	Creole	English					
	lexifier_base_mismatch	tobagonian-creole	Tobagonian Creole	English-based	Creole	English					
	lexifier_base_mismatch	trinidadian-creole	Trinidadian Creole	English-based	Creole	English					
	lexifier_base_mismatch	turks-and-caicos-creole	Turks and Caicos Creole	English-based	Creole	English					
	lexifier_base_mismatch	vincentian-creole	Vincentian Creole	English-based	Creole	English					
	lexifier_base_mismatch	virgin-islands-creole	Virgin Islands Creole	English-based	Creole	English					
	lexifier_unresolved	arabic-javanese-of-klego	Arabic-Javanese of Klego	Mixed	Mixed	Arabic-Javanese					
	lexifier_unresolved	arafundi-enga-pidgin	Arafundi-Enga Pidgin	Pidgin	Pidgin	Arafundi-Enga					
	lexifier_unresolved	badong-yao	Badong Yao	Hmong-Mien	Mixed	Chinese					
	lexifier_unresolved	bolze	Bolze	Mixed	Mixed	German-French					
	lexifier_unresolved	borgarm-let	Borgarm├Ñlet	Pidgin	Pidgin	Swedish					
	lexifier_unresolved	broken-slavey	Broken Slavey	Pidgin	Pidgin	Slavey					
	lexifier_unresolved	camtho	Camtho	Pidgin	Pidgin	Nguni					
	lexifier_unresolved	cappadocian-greek	Cappadocian Greek	Mixed	Mixed	Greek-Turkish					
	lexifier_unresolved	cauque-mayan-language	Cauque Mayan language	Mixed	Mixed	Mayan					
	lexifier_unresolved	cocoliche	Cocoliche	Pidgin	Pidgin	Italian-Spanish					
	lexifier_unresolved	duvle-wano-pidgin	Duvle-Wano Pidgin	Pidgin	Pidgin	Duvle-Wano					
	lexifier_unresolved	e	E mixed	Mixed	Mixed	Chinese					
	lexifier_unresolved	eskimo-trade-jargon	Eskimo Trade Jargon	Pidgin	Pidgin	Inuit					
	lexifier_unresolved	gurindji-kriol	Gurindji Kriol	Mixed	Mixed	Gurindji-English					
	lexifier_unresolved	hezhou	Hezhou	Mixed	Mixed	Chinese					
	lexifier_unresolved	international-sign	International Sign	Pidgin	Pidgin	Sign Language					
	lexifier_unresolved	inuktitut-english-pidgin	Inuktitut-English Pidgin	Pidgin	Pidgin	Inuktitut-English					
	lexifier_unresolved	italo-paulista	Italo-Paulista	Pidgin	Pidgin	Italian-Portuguese					
	lexifier_unresolved	kwoma-manambu-pidgin	Kwoma-Manambu Pidgin	Pidgin	Pidgin	Kwoma-Manambu					
	lexifier_unresolved	kyakhta-russian-chinese-pidgin	Kyakhta Russian-Chinese Pidgin	Pidgin	Pidgin	Chinese					
	lexifier_unresolved	kyowa-go	Kyowa-go	Pidgin	Pidgin	Japanese-Chinese					
	lexifier_unresolved	l-ngua-geral-amaz-nica	L├¡ngua Geral Amaz├┤nica	Mixed	Mixed	Tupian					
	lexifier_unresolved	l-ngua-geral-paulista	L├¡ngua Geral Paulista	Mixed	Mixed	Tupian					
	lexifier_unresolved	labrador-inuit-pidgin-french	Labrador Inuit Pidgin French	Pidgin	Pidgin	Inuit-French					
	lexifier_unresolved	light-warlpiri	Light Warlpiri	Mixed	Mixed	Warlpiri-English					
	lexifier_unresolved	lingling	Lingling	Mixed	Mixed	Chinese					
	lexifier_unresolved	loucheux-jargon	Loucheux Jargon	Pidgin	Pidgin	Gwich'in					
	lexifier_unresolved	maojia	Maojia	Hmong-Mien	Mixed	Chinese					
	lexifier_unresolved	maritime-polynesian-pidgin	Maritime Polynesian Pidgin	Pidgin	Pidgin	Polynesian					
	lexifier_unresolved	mbugu	Mbugu	Mixed	Mixed	Bantu-Cushitic					
	lexifier_unresolved	media-lengua	Media Lengua	Mixed	Mixed	Quechua-Spanish					
	lexifier_unresolved	mediterranean-lingua-franca	Mediterranean Lingua Franca	Pidgin	Pidgin	Romance					
	lexifier_unresolved	mednyj-aleut	Mednyj Aleut	Mixed	Mixed	Aleut-Russian					
	lexifier_unresolved	mekeo-pidgins	Mekeo pidgins	Pidgin	Pidgin	Mekeo					
	lexifier_unresolved	michif	Michif	Mixed	Mixed	Cree-French					
	lexifier_unresolved	mobilian-jargon	Mobilian Jargon	Pidgin	Pidgin	Mobilian					
	lexifier_unresolved	ndyuka-tiriy-pidgin	Ndyuka-Tiriy├│ Pidgin	Pidgin	Pidgin	Ndyuka-Tiriy├│					
	lexifier_unresolved	nootka-jargon	Nootka Jargon	Pidgin	Pidgin	Nootka					
	lexifier_unresolved	petuh	Petuh	Mixed	Mixed	German-French					
	lexifier_unresolved	pidgin-delaware	Pidgin Delaware	Pidgin	Pidgin	Delaware					
	lexifier_unresolved	pidgin-ngarluma	Pidgin Ngarluma	Pidgin	Pidgin	Ngarluma					
	lexifier_unresolved	pidgin-onin	Pidgin Onin	Pidgin	Pidgin	Onin					
	lexifier_unresolved	pretoria-sotho	Pretoria Sotho	Sotho-Tswana-based	Creole	Sotho-Tswana					
	lexifier_unresolved	russenorsk	Russenorsk	Pidgin	Pidgin	Russian-Norwegian					
	lexifier_unresolved	sango	Sango	Ngbandi-based	Creole	Ngbandi					
	lexifier_unresolved	she-chinese	She Chinese	Hmong-Mien	Mixed	Chinese					
	lexifier_unresolved	tangwang	Tangwang	Chinese-based	Mixed	Chinese					
	lexifier_unresolved	tansi	Tansi	Mixed	Mixed	Chinese					
	lexifier_unresolved	te-parau-tinito	Te Parau Tinito	Pidgin	Pidgin	Chinese-Tahitian					
	lexifier_unresolved	tinglish	Tinglish	Pidgin	Pidgin	Thai-English					
	lexifier_unresolved	waxiang	Waxiang	Mixed	Mixed	Chinese					
	lexifier_unresolved	wutunhua	Wutunhua	Mixed	Mixed	Chinese-Tibetan					
	lexifier_unresolved	xieheyu	Xieheyu	Pidgin	Pidgin	Chinese					
	lexifier_unresolved	yeheni	Yeheni	Hmong-Mien	Mixed	Chinese					
	lexifier_unresolved	younian	Younian	Hmong-Mien	Mixed	Chinese					
	missing_lexifier	barranquenho	Barranquenho	Portuguese	Romance						
	missing_lexifier	hiri-motu	Hiri Motu	Motu-based	Creole						
	missing_lexifier	qoqmoncaq	Qoqmoncaq	Mixed	Mixed						