iso	name	region	family	category	score	issueCount	exampleBase	exampleBaseName	exampleReasons
koryo-mar	Koryo-mar	Eurasia	Koreanic	Koreanic	3.92	2	274	Northern Sami	category(Koreanic != Uralic, dom=0.98)
motu	Motu	Pacific	Austronesian	Austronesian	3.79	2	263	Tok Pisin	category(Austronesian != Papuan, dom=0.97)
philippine-spanish	Philippine Spanish	Asia	Spanish	Romance	3.76	2	42	Levantine	category(Romance != Afroasiatic, dom=0.94)
krc	Karachay-Balkar	Caucasus	Kipchak Turkic	Turkic	2.84	1	233	Sardinian	category(Turkic != Romance, dom=0.96); region(Caucasus != Europe, dom=0.92)
kum	Kumyk	Caucasus	Kipchak Turkic	Turkic	2.84	1	233	Sardinian	category(Turkic != Romance, dom=0.96); region(Caucasus != Europe, dom=0.92)
nogai	Nogai	Caucasus	Kipchak Turkic	Turkic	2.84	1	233	Sardinian	category(Turkic != Romance, dom=0.96); region(Caucasus != Europe, dom=0.92)
canadian-french	Canadian French	Americas	Canadian	Romance	2.83	1	254	Kannada	category(Romance != Dravidian, dom=0.94); region(Americas != Asia, dom=0.94)
eastern-romanian	Eastern Romanian	Europe	Eastern Romance	Romance	2.81	1	15	Hungarian	category(Romance != Uralic, dom=0.94); region(Europe != Eurasia, dom=0.93)
ecuadorian-spanish	Ecuadorian Spanish	Europe	Latin American	Romance	2.81	1	15	Hungarian	category(Romance != Uralic, dom=0.94); region(Europe != Eurasia, dom=0.93)
proto-eastern-romance	Proto-Eastern Romance	Europe	Eastern Romance	Romance	2.81	1	15	Hungarian	category(Romance != Uralic, dom=0.94); region(Europe != Eurasia, dom=0.93)
transylvanian	Transylvanian	Europe	Daco-Romanian	Romance	2.81	1	15	Hungarian	category(Romance != Uralic, dom=0.94); region(Europe != Eurasia, dom=0.93)
fon	Fon	Africa	Gbe	Niger-Congo	2.77	1	122	Fon	family(Gbe != Niger-Congo, dom=0.92)
dida	Dida	Africa	Kru	Niger-Congo	2.73	1	125	Dida	family(Kru != Niger-Congo, dom=0.91)
cai-long	Cai Long	Sino-Tibetan region	Sino-Tibetan	Sino-Tibetan	2.70	1	104	Cai-Long	family(Sino-Tibetan != Bai, dom=0.90)
pbu	Pashto, Northern	Asia	Iranian	Iranian	1.96	1	202	Punjabi	category(Iranian != Indo-Aryan, dom=0.98)
kra	Kumhali	Asia	Indo-Aryan	Indo-Aryan	1.96	1	317	Kra	category(Indo-Aryan != Tai-Kadai, dom=0.98)
laiuse-romani	Laiuse Romani	Eurasia	Romani	Indo-Aryan	1.95	1	9	Finnic	category(Indo-Aryan != Uralic, dom=0.98)
kanak	Kanak	Pacific	Kanak languages	Austronesian	1.95	1	371	New Caledonia	category(Austronesian != Papuan, dom=0.97)
kgg	Kusunda	Asia	Kusunda	Kusunda isolate	1.94	1	56	Kiranti	category(Kusunda isolate != Sino-Tibetan, dom=0.97)
wym	Wymysorys	Europe	Germanic	Germanic	1.93	1	234	Romansh	category(Germanic != Romance, dom=0.96)
lss	Lasi	Asia	Iranian	Iranian	1.92	1	289	Sindhi	category(Iranian != Indo-Aryan, dom=0.96)
burushaski	Burushaski	Asia	Language isolate	Language isolate	1.89	1	55	Tamangic	category(Language isolate != Sino-Tibetan, dom=0.95)
bomboma	Bomboma	Africa	Niger-Congo	Niger-Congo	1.88	1	17	Berber	category(Niger-Congo != Afroasiatic, dom=0.94)
dendi	Dendi	Africa	Nilo-Saharan	Nilo-Saharan	1.88	1	17	Berber	category(Nilo-Saharan != Afroasiatic, dom=0.94)
saharan-spanish	Saharan Spanish	Africa	Spanish	Romance	1.88	1	17	Berber	category(Romance != Afroasiatic, dom=0.94)
tagdal	Tagdal	Africa	Nilo-Saharan	Nilo-Saharan	1.88	1	17	Berber	category(Nilo-Saharan != Afroasiatic, dom=0.94)
kowiai	Kowiai	Pacific	Austronesian	Austronesian	1.85	1	360	Papuan	category(Austronesian != Papuan, dom=0.93)
bsh	Kati	Asia	Nuristani	Indo-Iranian	1.85	1	288	Kashmiri	category(Indo-Iranian != Indo-Aryan, dom=0.93)
xvi	Kamviri	Asia	Nuristani	Indo-Iranian	1.85	1	288	Kashmiri	category(Indo-Iranian != Indo-Aryan, dom=0.93)
moghol	Moghol / Mogholi	Asia	Mongolic	Mongolic	1.85	1	58	Gyalrongic	category(Mongolic != Sino-Tibetan, dom=0.92)
pakistani-english	Pakistani English	Asia	Germanic	Germanic	1.84	1	203	Urdu	category(Germanic != Indo-Aryan, dom=0.92)
ydg	Yadgha	Asia	Iranian	Iranian	1.84	1	203	Urdu	category(Iranian != Indo-Aryan, dom=0.92)
big-flowery	Big Flowery	East Asia	West Hmongic	Hmong-Mien	1.82	1	47	Tibetan	category(Hmong-Mien != Sino-Tibetan, dom=0.91)
pingtang	Pingtang	East Asia	West Hmongic	Hmong-Mien	1.82	1	47	Tibetan	category(Hmong-Mien != Sino-Tibetan, dom=0.91)
amdang	Amdang	Africa	Fur	Nilo-Saharan	1.82	1	123	Bete	category(Nilo-Saharan != Niger-Congo, dom=0.91)
aringa	Aringa	Africa	Nilo-Saharan	Nilo-Saharan	1.80	1	118	Mandinka	category(Nilo-Saharan != Niger-Congo, dom=0.90)
buk	Bukawa	Pacific	Austronesian	Austronesian	1.80	1	520	North New Guinea	category(Austronesian != Papuan, dom=0.90)
north-new-guinea	North New Guinea	Pacific	Austronesian	Austronesian	1.80	1	520	North New Guinea	category(Austronesian != Papuan, dom=0.90)
sar	Sar	Africa	Central Sudanic	Nilo-Saharan	1.80	1	118	Mandinka	category(Nilo-Saharan != Niger-Congo, dom=0.90)
